stationId,data_dnia,T_min,T_max,T_srednia
IUNG1,2025-04-01,0.0,13.1,6.55
IUNG1,2025-04-02,0.0,17.1,8.55
IUNG1,2025-04-03,0.0,18.9,9.45
IUNG1,2025-04-04,0.0,20.1,10.05
IUNG1,2025-04-05,-0.7,9.6,4.45
IUNG1,2025-04-06,-0.7,2.5,0.9
IUNG1,2025-04-07,-2.4,7.9,2.75
IUNG1,2025-04-08,-1.0,8.9,3.95
IUNG1,2025-04-09,-0.3,9.0,4.35
IUNG1,2025-04-10,-1.5,5.1,1.8
IUNG1,2025-04-11,0.0,6.8,3.4
IUNG1,2025-04-12,0.0,14.8,7.4
IUNG1,2025-04-13,0.0,21.3,10.65
IUNG1,2025-04-14,10.4,23.0,16.7
IUNG1,2025-04-15,0.0,17.9,8.95
IUNG1,2025-04-16,10.9,25.2,18.05
IUNG1,2025-04-17,11.9,27.7,19.8
IUNG1,2025-04-18,0.0,26.3,13.15
IUNG1,2025-04-19,9.4,21.0,15.2
IUNG1,2025-04-20,0.0,22.5,11.25
IUNG1,2025-04-21,0.0,25.0,12.5
IUNG1,2025-04-22,0.0,23.1,11.55
IUNG1,2025-04-23,9.0,22.2,15.6
IUNG1,2025-04-24,0.0,23.6,11.8
IUNG1,2025-04-25,0.0,14.8,7.4
IUNG1,2025-04-26,1.4,12.6,7.0
IUNG1,2025-04-27,-0.4,14.4,7.0
IUNG1,2025-04-28,0.0,19.1,9.55
IUNG1,2025-04-29,0.0,20.8,10.4
IUNG1,2025-04-30,0.0,20.7,10.35
IUNG1,2025-05-01,0.0,19.4,9.7
IUNG1,2025-05-02,4.3,23.5,13.9
IUNG1,2025-05-03,0.0,24.9,12.45
IUNG1,2025-05-04,0.0,17.6,8.8
IUNG1,2025-05-05,5.8,10.7,8.25
IUNG1,2025-05-06,0.0,13.4,6.7
IUNG1,2025-05-07,0.0,13.6,6.8
IUNG1,2025-05-08,0.0,12.0,6.0
IUNG1,2025-05-09,-0.2,11.9,5.85
IUNG1,2025-05-10,0.0,9.5,4.75
IUNG1,2025-05-11,4.0,14.1,9.05
IUNG1,2025-05-12,0.0,14.4,7.2
IUNG1,2025-05-13,0.0,16.4,8.2
IUNG1,2025-05-14,0.0,16.1,8.05
IUNG1,2025-05-15,0.0,12.0,6.0
IUNG1,2025-05-16,0.0,10.6,5.3
IUNG1,2025-05-17,0.0,12.5,6.25
IUNG1,2025-05-18,0.0,10.6,5.3
IUNG1,2025-05-19,6.4,16.2,11.3
IUNG1,2025-05-20,0.0,21.2,10.6
IUNG1,2025-05-21,0.0,23.7,11.85
IUNG1,2025-05-22,9.5,22.2,15.85
IUNG1,2025-05-23,8.6,14.6,11.6
IUNG1,2025-05-24,0.0,15.1,7.55
IUNG1,2025-05-25,0.0,19.5,9.75
IUNG1,2025-05-26,0.0,22.6,11.3
IUNG1,2025-05-27,0.0,21.8,10.9
IUNG1,2025-05-28,8.0,22.6,15.3
IUNG1,2025-05-29,0.0,15.0,7.5
IUNG1,2025-05-30,0.0,21.7,10.85
IUNG1,2025-05-31,0.0,24.9,12.45
IUNG1,2025-06-01,12.7,27.2,19.95
IUNG1,2025-06-02,0.0,27.2,13.6
IUNG1,2025-06-03,0.0,22.1,11.05
IUNG1,2025-06-04,0.0,27.3,13.65
IUNG1,2025-06-05,0.0,27.4,13.7
IUNG1,2025-06-06,15.9,27.5,21.7
IUNG1,2025-06-07,0.0,27.4,13.7
IUNG1,2025-06-08,12.0,21.8,16.9
IUNG1,2025-06-09,7.8,17.5,12.65
IUNG1,2025-06-10,6.8,21.1,13.95
IUNG1,2025-06-11,0.0,20.3,10.15
IUNG1,2025-06-12,0.0,20.2,10.1
IUNG1,2025-06-13,0.0,19.9,9.95
IUNG1,2025-06-14,0.0,22.6,11.3
IUNG1,2025-06-15,0.0,26.3,13.15
IUNG1,2025-06-16,0.0,29.1,14.55
IUNG1,2025-06-17,0.0,22.8,11.4
IUNG1,2025-06-18,0.0,26.9,13.45
IUNG1,2025-06-19,0.0,21.1,10.55
IUNG1,2025-06-20,0.0,21.6,10.8
IUNG1,2025-06-21,0.0,24.2,12.1
IUNG1,2025-06-22,0.0,26.8,13.4
IUNG1,2025-06-23,11.1,30.0,20.55
IUNG1,2025-06-24,0.0,21.4,10.7
IUNG1,2025-06-25,12.6,22.4,17.5
IUNG1,2025-06-26,0.0,25.4,12.7
IUNG1,2025-06-27,0.0,23.4,11.7
IUNG1,2025-06-28,0.0,22.9,11.45
IUNG10,2025-04-01,0.0,12.2,6.1
IUNG10,2025-04-02,0.0,16.4,8.2
IUNG10,2025-04-03,0.0,17.8,8.9
IUNG10,2025-04-04,0.0,19.0,9.5
IUNG10,2025-04-05,-0.1,7.4,3.65
IUNG10,2025-04-06,-2.5,0.6,-0.95
IUNG10,2025-04-07,-2.4,5.1,1.35
IUNG10,2025-04-08,-2.7,5.7,1.5
IUNG10,2025-04-09,-4.4,8.5,2.05
IUNG10,2025-04-10,-2.3,4.6,1.15
IUNG10,2025-04-11,-0.4,4.5,2.05
IUNG10,2025-04-12,0.0,11.4,5.7
IUNG10,2025-04-13,-1.3,19.4,9.05
IUNG10,2025-04-14,0.0,18.2,9.1
IUNG10,2025-04-15,0.0,14.8,7.4
IUNG10,2025-04-16,9.4,22.5,15.95
IUNG10,2025-04-17,0.0,25.8,12.9
IUNG10,2025-04-18,0.0,25.0,12.5
IUNG10,2025-04-19,10.3,12.7,11.5
IUNG10,2025-04-21,0.0,9.0,4.5
IUNG10,2025-04-22,8.3,25.4,16.85
IUNG10,2025-04-23,0.0,22.3,11.15
IUNG10,2025-04-24,0.0,23.8,11.9
IUNG10,2025-04-25,0.0,13.3,6.65
IUNG10,2025-04-26,0.0,12.4,6.2
IUNG10,2025-04-27,-0.7,13.4,6.35
IUNG10,2025-04-28,-1.2,17.7,8.25
IUNG10,2025-04-29,0.2,19.4,9.8
IUNG10,2025-04-30,0.0,18.9,9.45
IUNG10,2025-05-01,0.0,19.0,9.5
IUNG10,2025-05-02,0.1,20.9,10.5
IUNG10,2025-05-03,0.0,24.1,12.05
IUNG10,2025-05-04,4.7,18.7,11.7
IUNG10,2025-05-05,0.0,12.1,6.05
IUNG10,2025-05-06,0.0,10.4,5.2
IUNG10,2025-05-07,-0.4,14.7,7.15
IUNG10,2025-05-08,-1.6,11.6,5.0
IUNG10,2025-05-09,0.0,9.9,4.95
IUNG10,2025-05-10,0.0,9.3,4.65
IUNG10,2025-05-11,0.0,14.1,7.05
IUNG10,2025-05-12,2.3,14.6,8.45
IUNG10,2025-05-13,0.0,15.9,7.95
IUNG10,2025-05-14,0.0,13.9,6.95
IUNG10,2025-05-15,0.0,11.0,5.5
IUNG10,2025-05-16,0.0,11.6,5.8
IUNG10,2025-05-17,2.3,13.3,7.8
IUNG10,2025-05-18,0.0,41.2,20.6
IUNG10,2025-05-19,37.5,42.3,39.9
IUNG10,2025-05-20,0.0,39.5,19.75
IUNG10,2025-05-21,0.0,22.0,11.0
IUNG10,2025-05-22,7.9,21.6,14.75
IUNG10,2025-05-23,8.3,11.5,9.9
IUNG10,2025-05-24,0.0,12.5,6.25
IUNG10,2025-05-25,0.0,15.8,7.9
IUNG10,2025-05-26,0.0,20.3,10.15
IUNG10,2025-05-27,5.9,20.6,13.25
IUNG10,2025-05-28,0.0,16.0,8.0
IUNG10,2025-05-29,0.0,17.3,8.65
IUNG10,2025-05-30,0.0,19.4,9.7
IUNG10,2025-05-31,12.3,23.0,17.65
IUNG10,2025-06-01,0.0,25.5,12.75
IUNG10,2025-06-02,0.0,26.1,13.05
IUNG10,2025-06-03,0.0,19.5,9.75
IUNG10,2025-06-04,0.0,24.5,12.25
IUNG10,2025-06-05,15.4,27.4,21.4
IUNG10,2025-06-06,13.9,27.5,20.7
IUNG10,2025-06-07,13.3,27.8,20.55
IUNG10,2025-06-08,0.0,24.1,12.05
IUNG10,2025-06-09,0.0,16.8,8.4
IUNG10,2025-06-10,0.0,0.0,0.0
IUNG10,2025-06-11,0.0,0.0,0.0
IUNG10,2025-06-12,0.0,12.0,6.0
IUNG10,2025-06-13,6.9,17.6,12.25
IUNG10,2025-06-14,8.9,21.2,15.05
IUNG10,2025-06-15,0.0,24.1,12.05
IUNG10,2025-06-16,7.4,26.6,17.0
IUNG10,2025-06-17,0.0,22.5,11.25
IUNG10,2025-06-18,0.0,25.0,12.5
IUNG10,2025-06-19,8.8,19.6,14.2
IUNG10,2025-06-20,8.4,19.9,14.15
IUNG10,2025-06-21,0.0,21.4,10.7
IUNG10,2025-06-22,0.0,24.9,12.45
IUNG10,2025-06-23,0.0,27.0,13.5
IUNG10,2025-06-24,0.0,20.5,10.25
IUNG10,2025-06-25,0.0,23.5,11.75
IUNG10,2025-06-26,0.0,23.4,11.7
IUNG10,2025-06-27,0.0,24.2,12.1
IUNG10,2025-06-28,0.0,21.9,10.95
IUNG11,2025-04-01,7.6,11.7,9.65
IUNG11,2025-04-02,4.1,15.7,9.9
IUNG11,2025-04-03,0.0,17.2,8.6
IUNG11,2025-04-04,4.1,18.9,11.5
IUNG11,2025-04-05,0.0,8.0,4.0
IUNG11,2025-04-06,-1.8,0.5,-0.65
IUNG11,2025-04-07,-1.8,5.1,1.65
IUNG11,2025-04-08,-1.7,4.9,1.6
IUNG11,2025-04-09,-2.7,8.3,2.8
IUNG11,2025-04-10,-2.2,3.4,0.6
IUNG11,2025-04-11,-0.4,4.9,2.25
IUNG11,2025-04-12,0.0,10.7,5.35
IUNG11,2025-04-13,1.4,19.6,10.5
IUNG11,2025-04-14,8.0,15.9,11.95
IUNG11,2025-04-15,0.0,15.3,7.65
IUNG11,2025-04-16,9.7,23.5,16.6
IUNG11,2025-04-17,11.6,26.9,19.25
IUNG11,2025-04-18,0.0,25.1,12.55
IUNG11,2025-04-19,0.0,16.2,8.1
IUNG11,2025-04-20,10.0,22.6,16.3
IUNG11,2025-04-21,9.3,23.6,16.45
IUNG11,2025-04-22,8.5,26.4,17.45
IUNG11,2025-04-23,11.4,21.4,16.4
IUNG11,2025-04-24,0.0,23.2,11.6
IUNG11,2025-04-25,0.0,13.5,6.75
IUNG11,2025-04-26,0.2,11.5,5.85
IUNG11,2025-04-27,-0.6,13.0,6.2
IUNG11,2025-04-28,0.0,17.4,8.7
IUNG11,2025-04-29,2.1,20.0,11.05
IUNG11,2025-04-30,5.7,19.1,12.4
IUNG11,2025-05-01,5.3,18.3,11.8
IUNG11,2025-05-02,2.8,21.4,12.1
IUNG11,2025-05-03,0.0,24.9,12.45
IUNG11,2025-05-04,0.0,18.8,9.4
IUNG11,2025-05-05,4.4,11.9,8.15
IUNG11,2025-05-06,4.3,10.3,7.3
IUNG11,2025-05-07,1.0,13.8,7.4
IUNG11,2025-05-08,-0.2,11.3,5.55
IUNG11,2025-05-09,1.2,9.7,5.45
IUNG11,2025-05-10,3.5,9.6,6.55
IUNG11,2025-05-11,3.4,12.0,7.7
IUNG11,2025-05-12,0.0,12.8,6.4
IUNG11,2025-05-13,3.1,15.9,9.5
IUNG11,2025-05-14,2.1,14.4,8.25
IUNG11,2025-05-15,1.7,10.1,5.9
IUNG11,2025-05-16,0.0,12.0,6.0
IUNG11,2025-05-17,0.0,12.4,6.2
IUNG11,2025-05-18,3.7,12.1,7.9
IUNG11,2025-05-19,0.0,13.1,6.55
IUNG11,2025-05-20,4.7,18.2,11.45
IUNG11,2025-05-21,9.1,21.8,15.45
IUNG11,2025-05-22,0.0,22.3,11.15
IUNG11,2025-05-23,8.8,12.1,10.45
IUNG11,2025-05-24,0.0,11.7,5.85
IUNG11,2025-05-25,6.5,15.3,10.9
IUNG11,2025-05-26,0.0,18.9,9.45
IUNG11,2025-05-27,0.0,19.6,9.8
IUNG11,2025-05-28,11.3,14.9,13.1
IUNG11,2025-05-29,10.5,17.2,13.85
IUNG11,2025-05-30,8.7,19.2,13.95
IUNG11,2025-05-31,0.0,22.3,11.15
IUNG11,2025-06-01,12.8,25.3,19.05
IUNG11,2025-06-02,15.7,26.4,21.05
IUNG11,2025-06-03,13.6,19.2,16.4
IUNG11,2025-06-04,0.0,24.6,12.3
IUNG11,2025-06-05,16.5,29.0,22.75
IUNG11,2025-06-06,15.2,28.9,22.05
IUNG11,2025-06-07,15.5,28.8,22.15
IUNG11,2025-06-08,0.0,23.7,11.85
IUNG11,2025-06-09,0.0,17.2,8.6
IUNG11,2025-06-10,0.0,19.7,9.85
IUNG11,2025-06-11,11.6,18.6,15.1
IUNG11,2025-06-12,9.0,17.7,13.35
IUNG11,2025-06-13,8.1,17.4,12.75
IUNG11,2025-06-14,0.0,20.2,10.1
IUNG11,2025-06-15,8.9,23.1,16.0
IUNG11,2025-06-16,9.6,26.3,17.95
IUNG11,2025-06-17,11.9,22.3,17.1
IUNG11,2025-06-18,0.0,25.0,12.5
IUNG11,2025-06-19,10.3,19.9,15.1
IUNG11,2025-06-20,7.5,19.9,13.7
IUNG11,2025-06-21,8.8,21.2,15.0
IUNG11,2025-06-22,10.9,24.9,17.9
IUNG11,2025-06-23,0.0,26.8,13.4
IUNG11,2025-06-24,13.9,21.4,17.65
IUNG11,2025-06-25,12.6,23.5,18.05
IUNG11,2025-06-26,12.4,23.0,17.7
IUNG11,2025-06-27,0.0,24.2,12.1
IUNG11,2025-06-28,13.9,21.4,17.65
IUNG125,2025-04-01,0.0,12.9,6.45
IUNG125,2025-04-02,0.0,16.7,8.35
IUNG125,2025-04-03,2.9,18.6,10.75
IUNG125,2025-04-04,2.0,18.9,10.45
IUNG125,2025-04-05,-0.2,8.8,4.3
IUNG125,2025-04-06,-1.8,1.0,-0.4
IUNG125,2025-04-07,-2.9,6.8,1.95
IUNG125,2025-04-08,-4.2,6.4,1.1
IUNG125,2025-04-09,-5.2,8.7,1.75
IUNG125,2025-04-10,-1.9,4.9,1.5
IUNG125,2025-04-11,-0.3,4.4,2.05
IUNG125,2025-04-12,0.0,12.6,6.3
IUNG125,2025-04-13,0.0,19.6,9.8
IUNG125,2025-04-14,0.0,20.3,10.15
IUNG125,2025-04-15,7.0,19.0,13.0
IUNG125,2025-04-16,9.3,22.1,15.7
IUNG125,2025-04-17,8.5,26.5,17.5
IUNG125,2025-04-18,0.0,26.8,13.4
IUNG125,2025-04-19,0.0,19.8,9.9
IUNG125,2025-04-20,7.0,21.9,14.45
IUNG125,2025-04-21,6.4,23.7,15.05
IUNG125,2025-04-22,7.8,25.5,16.65
IUNG125,2025-04-23,8.0,21.3,14.65
IUNG125,2025-04-24,0.0,22.4,11.2
IUNG125,2025-04-25,0.0,12.9,6.45
IUNG125,2025-04-26,-2.3,11.8,4.75
IUNG125,2025-04-27,-2.6,13.1,5.25
IUNG125,2025-04-28,-2.7,17.1,7.2
IUNG125,2025-04-29,0.0,19.4,9.7
IUNG125,2025-04-30,2.9,19.3,11.1
IUNG125,2025-05-01,0.0,17.6,8.8
IUNG125,2025-05-02,0.0,20.6,10.3
IUNG125,2025-05-03,10.6,22.7,16.65
IUNG125,2025-05-04,3.7,17.7,10.7
IUNG125,2025-05-05,0.0,10.6,5.3
IUNG125,2025-05-06,0.2,13.0,6.6
IUNG125,2025-05-07,-1.2,13.2,6.0
IUNG125,2025-05-08,-0.8,11.2,5.2
IUNG125,2025-05-09,-2.8,10.0,3.6
IUNG125,2025-05-10,0.0,9.5,4.75
IUNG125,2025-05-11,2.4,13.3,7.85
IUNG125,2025-05-12,3.4,13.4,8.4
IUNG125,2025-05-13,0.0,15.6,7.8
IUNG125,2025-05-14,0.0,15.9,7.95
IUNG125,2025-05-15,0.0,11.6,5.8
IUNG125,2025-05-16,0.0,9.1,4.55
IUNG125,2025-05-17,2.2,12.0,7.1
IUNG125,2025-05-18,0.0,11.5,5.75
IUNG125,2025-05-19,6.1,15.4,10.75
IUNG125,2025-05-20,0.0,19.3,9.65
IUNG125,2025-05-21,0.0,21.6,10.8
IUNG125,2025-05-22,10.3,22.0,16.15
IUNG125,2025-05-23,8.9,12.3,10.6
IUNG125,2025-05-24,5.6,13.4,9.5
IUNG125,2025-05-25,0.0,17.1,8.55
IUNG125,2025-05-26,5.1,20.3,12.7
IUNG125,2025-05-27,0.0,21.2,10.6
IUNG125,2025-05-28,9.2,18.4,13.8
IUNG125,2025-05-29,10.2,19.2,14.7
IUNG125,2025-05-30,0.0,20.2,10.1
IUNG125,2025-05-31,0.0,22.7,11.35
IUNG125,2025-06-01,0.0,25.0,12.5
IUNG125,2025-06-02,16.2,26.0,21.1
IUNG125,2025-06-03,9.1,20.0,14.55
IUNG125,2025-06-04,8.4,24.6,16.5
IUNG125,2025-06-05,0.0,26.9,13.45
IUNG125,2025-06-06,14.9,26.2,20.55
IUNG125,2025-06-07,0.0,27.0,13.5
IUNG125,2025-06-08,12.5,22.6,17.55
IUNG125,2025-06-09,7.5,17.0,12.25
IUNG125,2025-06-10,6.0,19.4,12.7
IUNG125,2025-06-11,9.6,17.2,13.4
IUNG125,2025-06-12,0.0,17.3,8.65
IUNG125,2025-06-13,9.4,19.6,14.5
IUNG125,2025-06-14,0.0,22.0,11.0
IUNG125,2025-06-15,8.2,24.6,16.4
IUNG125,2025-06-16,0.0,27.5,13.75
IUNG125,2025-06-17,0.0,21.5,10.75
IUNG125,2025-06-18,10.6,25.8,18.2
IUNG125,2025-06-19,0.0,20.8,10.4
IUNG125,2025-06-20,0.0,20.4,10.2
IUNG125,2025-06-21,0.0,22.6,11.3
IUNG125,2025-06-22,6.7,24.7,15.7
IUNG125,2025-06-23,0.0,26.0,13.0
IUNG125,2025-06-24,10.9,20.5,15.7
IUNG125,2025-06-25,11.7,24.0,17.85
IUNG125,2025-06-26,10.6,23.9,17.25
IUNG125,2025-06-27,14.1,23.8,18.95
IUNG125,2025-06-28,0.0,21.0,10.5
IUNG39,2025-04-01,0.0,13.7,6.85
IUNG39,2025-04-02,0.0,17.2,8.6
IUNG39,2025-04-03,0.0,18.8,9.4
IUNG39,2025-04-04,1.7,20.7,11.2
IUNG39,2025-04-05,-0.4,9.2,4.4
IUNG39,2025-04-06,-0.6,3.0,1.2
IUNG39,2025-04-07,-2.5,8.6,3.05
IUNG39,2025-04-08,-3.0,9.4,3.2
IUNG39,2025-04-09,-1.1,10.8,4.85
IUNG39,2025-04-10,-1.5,5.7,2.1
IUNG39,2025-04-11,0.0,7.0,3.5
IUNG39,2025-04-12,0.0,15.4,7.7
IUNG39,2025-04-13,0.0,20.7,10.35
IUNG39,2025-04-14,10.2,23.1,16.65
IUNG39,2025-04-15,9.8,16.7,13.25
IUNG39,2025-04-16,11.1,24.4,17.75
IUNG39,2025-04-17,0.0,27.5,13.75
IUNG39,2025-04-18,11.0,27.1,19.05
IUNG39,2025-04-22,0.0,24.4,12.2
IUNG39,2025-04-23,6.7,22.4,14.55
IUNG39,2025-04-24,0.0,22.4,11.2
IUNG39,2025-04-25,0.0,14.0,7.0
IUNG39,2025-04-26,-0.9,12.9,6.0
IUNG39,2025-04-27,-2.0,14.7,6.35
IUNG39,2025-04-28,-1.5,19.4,8.95
IUNG39,2025-04-29,0.8,21.3,11.05
IUNG39,2025-04-30,3.5,21.5,12.5
IUNG39,2025-05-01,0.0,20.2,10.1
IUNG39,2025-05-02,1.7,22.5,12.1
IUNG39,2025-05-03,0.0,25.6,12.8
IUNG39,2025-05-04,4.3,18.1,11.2
IUNG39,2025-05-05,4.5,11.1,7.8
IUNG39,2025-05-06,0.3,13.7,7.0
IUNG39,2025-05-07,-1.3,13.7,6.2
IUNG39,2025-05-08,-1.9,12.5,5.3
IUNG39,2025-05-09,-2.0,12.9,5.45
IUNG39,2025-05-10,2.0,10.0,6.0
IUNG39,2025-05-11,2.3,15.0,8.65
IUNG39,2025-05-12,0.8,15.5,8.15
IUNG39,2025-05-13,-0.3,16.9,8.3
IUNG39,2025-05-14,0.0,16.4,8.2
IUNG39,2025-05-15,0.0,13.1,6.55
IUNG39,2025-05-16,0.0,11.1,5.55
IUNG39,2025-05-17,3.2,13.4,8.3
IUNG39,2025-05-18,3.3,10.7,7.0
IUNG39,2025-05-19,0.0,16.5,8.25
IUNG39,2025-05-20,0.0,21.3,10.65
IUNG39,2025-05-21,7.3,23.0,15.15
IUNG39,2025-05-22,8.3,21.4,14.85
IUNG39,2025-05-23,7.9,15.0,11.45
IUNG39,2025-05-24,2.5,15.4,8.95
IUNG39,2025-05-25,0.0,19.5,9.75
IUNG39,2025-05-26,3.1,23.3,13.2
IUNG39,2025-05-27,5.8,22.0,13.9
IUNG39,2025-05-28,5.5,23.4,14.45
IUNG39,2025-05-29,0.0,15.0,7.5
IUNG39,2025-05-30,0.0,22.5,11.25
IUNG39,2025-05-31,11.4,25.2,18.3
IUNG39,2025-06-01,0.0,26.9,13.45
IUNG39,2025-06-02,15.1,28.0,21.55
IUNG39,2025-06-03,10.7,21.9,16.3
IUNG39,2025-06-04,0.0,25.9,12.95
IUNG39,2025-06-05,16.0,27.8,21.9
IUNG39,2025-06-06,0.0,27.8,13.9
IUNG39,2025-06-07,0.0,26.8,13.4
IUNG39,2025-06-08,0.0,22.4,11.2
IUNG39,2025-06-09,0.0,17.6,8.8
IUNG39,2025-06-10,0.0,20.2,10.1
IUNG39,2025-06-11,8.4,20.6,14.5
IUNG39,2025-06-12,0.0,20.6,10.3
IUNG39,2025-06-13,0.0,20.1,10.05
IUNG39,2025-06-14,7.5,22.4,14.95
IUNG39,2025-06-15,0.0,26.4,13.2
IUNG39,2025-06-16,9.1,29.2,19.15
IUNG39,2025-06-17,10.8,23.7,17.25
IUNG39,2025-06-18,0.0,27.5,13.75
IUNG39,2025-06-19,7.8,21.0,14.4
IUNG39,2025-06-20,0.0,22.0,11.0
IUNG39,2025-06-21,8.5,24.7,16.6
IUNG39,2025-06-22,0.0,27.2,13.6
IUNG39,2025-06-23,7.6,29.5,18.55
IUNG39,2025-06-24,12.7,21.7,17.2
IUNG39,2025-06-25,11.2,22.7,16.95
IUNG39,2025-06-26,0.0,25.9,12.95
IUNG39,2025-06-27,0.0,24.4,12.2
IUNG39,2025-06-28,13.0,23.6,18.3
IUNG5,2025-04-01,0.0,11.9,5.95
IUNG5,2025-04-02,0.0,16.3,8.15
IUNG5,2025-04-03,0.0,17.8,8.9
IUNG5,2025-04-04,0.0,19.7,9.85
IUNG5,2025-04-05,-0.4,7.9,3.75
IUNG5,2025-04-06,-1.5,2.3,0.4
IUNG5,2025-04-07,-3.3,7.3,2.0
IUNG5,2025-04-08,-2.6,8.3,2.85
IUNG5,2025-04-09,-2.6,9.0,3.2
IUNG5,2025-04-10,-1.6,4.8,1.6
IUNG5,2025-04-11,0.0,6.7,3.35
IUNG5,2025-04-12,0.0,14.1,7.05
IUNG5,2025-04-13,2.8,19.9,11.35
IUNG5,2025-04-14,0.0,21.5,10.75
IUNG5,2025-04-15,0.0,16.8,8.4
IUNG5,2025-04-16,10.8,23.7,17.25
IUNG5,2025-04-17,10.3,27.1,18.7
IUNG5,2025-04-18,0.0,25.4,12.7
IUNG5,2025-04-19,0.0,19.3,9.65
IUNG5,2025-04-20,0.0,21.9,10.95
IUNG5,2025-04-21,9.0,23.1,16.05
IUNG5,2025-04-22,0.0,23.0,11.5
IUNG5,2025-04-23,6.2,20.7,13.45
IUNG5,2025-04-24,0.0,21.5,10.75
IUNG5,2025-04-25,0.0,13.3,6.65
IUNG5,2025-04-26,-0.3,11.4,5.55
IUNG5,2025-04-27,-0.8,13.7,6.45
IUNG5,2025-04-28,-1.1,18.2,8.55
IUNG5,2025-04-29,0.0,19.8,9.9
IUNG5,2025-04-30,0.0,19.9,9.95
IUNG5,2025-05-01,4.9,18.5,11.7
IUNG5,2025-05-02,0.0,22.2,11.1
IUNG5,2025-05-03,10.1,24.1,17.1
IUNG5,2025-05-04,0.0,16.8,8.4
IUNG5,2025-05-05,0.0,9.9,4.95
IUNG5,2025-05-06,0.0,12.8,6.4
IUNG5,2025-05-07,-0.7,12.8,6.05
IUNG5,2025-05-08,-1.3,10.9,4.8
IUNG5,2025-05-09,-2.4,11.3,4.45
IUNG5,2025-05-10,0.0,9.3,4.65
IUNG5,2025-05-11,0.0,12.9,6.45
IUNG5,2025-05-12,1.2,13.7,7.45
IUNG5,2025-05-13,0.0,15.7,7.85
IUNG5,2025-05-14,0.0,15.8,7.9
IUNG5,2025-05-15,0.0,11.6,5.8
IUNG5,2025-05-16,0.0,9.8,4.9
IUNG5,2025-05-17,3.5,11.8,7.65
IUNG5,2025-05-18,0.0,10.7,5.35
IUNG5,2025-05-19,5.9,15.4,10.65
IUNG5,2025-05-20,0.0,20.2,10.1
IUNG5,2025-05-21,7.9,22.1,15.0
IUNG5,2025-05-22,8.9,21.0,14.95
IUNG5,2025-05-23,8.0,13.9,10.95
IUNG5,2025-05-24,0.0,14.7,7.35
IUNG5,2025-05-25,2.1,18.3,10.2
IUNG5,2025-05-26,4.1,20.8,12.45
IUNG5,2025-05-27,6.6,20.5,13.55
IUNG5,2025-05-28,0.0,21.8,10.9
IUNG5,2025-05-29,0.0,14.6,7.3
IUNG5,2025-05-30,0.0,21.0,10.5
IUNG5,2025-05-31,11.3,24.4,17.85
IUNG5,2025-06-01,0.0,25.4,12.7
IUNG5,2025-06-02,0.0,26.2,13.1
IUNG5,2025-06-03,10.1,21.2,15.65
IUNG5,2025-06-04,9.6,25.5,17.55
IUNG5,2025-06-05,0.0,26.9,13.45
IUNG5,2025-06-06,0.0,27.2,13.6
IUNG5,2025-06-07,13.8,26.2,20.0
IUNG5,2025-06-08,0.0,21.3,10.65
IUNG5,2025-06-09,7.0,16.9,11.95
IUNG5,2025-06-10,0.0,19.6,9.8
IUNG5,2025-06-11,0.0,19.8,9.9
IUNG5,2025-06-12,0.0,19.0,9.5
IUNG5,2025-06-13,0.0,19.1,9.55
IUNG5,2025-06-14,0.0,21.5,10.75
IUNG5,2025-06-15,0.0,25.0,12.5
IUNG5,2025-06-16,0.0,28.6,14.3
IUNG5,2025-06-17,0.0,22.3,11.15
IUNG5,2025-06-18,10.4,26.3,18.35
IUNG5,2025-06-19,0.0,22.3,11.15
IUNG5,2025-06-20,6.9,21.6,14.25
IUNG5,2025-06-21,5.1,23.8,14.45
IUNG5,2025-06-22,8.7,26.8,17.75
IUNG5,2025-06-23,0.0,29.7,14.85
IUNG5,2025-06-24,0.0,21.1,10.55
IUNG5,2025-06-25,0.0,22.6,11.3
IUNG5,2025-06-26,0.0,24.8,12.4
IUNG5,2025-06-27,0.0,23.5,11.75
IUNG5,2025-06-28,12.5,22.6,17.55
IUNG8,2025-04-01,0.0,11.8,5.9
IUNG8,2025-04-02,6.3,16.3,11.3
IUNG8,2025-04-03,0.0,17.5,8.75
IUNG8,2025-04-04,0.0,19.2,9.6
IUNG8,2025-04-05,-0.7,9.4,4.35
IUNG8,2025-04-06,-1.3,1.5,0.1
IUNG8,2025-04-07,-2.9,6.5,1.8
IUNG8,2025-04-08,-0.8,7.6,3.4
IUNG8,2025-04-09,-1.2,8.4,3.6
IUNG8,2025-04-10,-1.9,4.1,1.1
IUNG8,2025-04-11,0.0,6.4,3.2
IUNG8,2025-04-12,0.0,13.4,6.7
IUNG8,2025-04-13,0.0,19.6,9.8
IUNG8,2025-04-14,0.0,21.1,10.55
IUNG8,2025-04-15,9.1,16.2,12.65
IUNG8,2025-04-16,10.6,23.6,17.1
IUNG8,2025-04-17,0.0,26.6,13.3
IUNG8,2025-04-18,0.0,25.5,12.75
IUNG8,2025-04-19,0.0,18.7,9.35
IUNG8,2025-04-20,0.0,21.5,10.75
IUNG8,2025-04-21,8.7,23.0,15.85
IUNG8,2025-04-22,11.3,22.9,17.1
IUNG8,2025-04-23,0.0,20.7,10.35
IUNG8,2025-04-24,0.0,21.0,10.5
IUNG8,2025-04-25,0.0,13.2,6.6
IUNG8,2025-04-26,1.8,11.1,6.45
IUNG8,2025-04-27,0.0,12.6,6.3
IUNG8,2025-04-28,-0.1,17.7,8.8
IUNG8,2025-04-29,4.1,19.8,11.95
IUNG8,2025-04-30,6.5,19.8,13.15
IUNG8,2025-05-01,5.9,18.4,12.15
IUNG8,2025-05-02,0.0,22.0,11.0
IUNG8,2025-05-03,0.0,23.4,11.7
IUNG8,2025-05-04,0.0,16.7,8.35
IUNG8,2025-05-05,4.8,10.1,7.45
IUNG8,2025-05-06,0.0,12.5,6.25
IUNG8,2025-05-07,1.4,12.4,6.9
IUNG8,2025-05-08,0.0,10.7,5.35
IUNG8,2025-05-09,-1.4,11.3,4.95
IUNG8,2025-05-10,0.0,9.3,4.65
IUNG8,2025-05-11,0.0,12.6,6.3
IUNG8,2025-05-12,0.0,13.4,6.7
IUNG8,2025-05-13,0.0,15.3,7.65
IUNG8,2025-05-14,0.0,15.1,7.55
IUNG8,2025-05-15,0.0,11.0,5.5
IUNG8,2025-05-16,2.3,8.9,5.6
IUNG8,2025-05-17,2.7,11.0,6.85
IUNG8,2025-05-18,0.0,10.2,5.1
IUNG8,2025-05-19,6.1,14.9,10.5
IUNG8,2025-05-20,7.8,19.8,13.8
IUNG8,2025-05-21,9.5,22.0,15.75
IUNG8,2025-05-22,9.1,21.3,15.2
IUNG8,2025-05-23,0.0,13.2,6.6
IUNG8,2025-05-24,3.8,14.6,9.2
IUNG8,2025-05-25,3.3,17.2,10.25
IUNG8,2025-05-26,4.7,21.1,12.9
IUNG8,2025-05-27,0.0,20.5,10.25
IUNG8,2025-05-28,0.0,21.5,10.75
IUNG8,2025-05-29,8.9,14.4,11.65
IUNG8,2025-05-30,7.3,20.5,13.9
IUNG8,2025-05-31,12.8,23.7,18.25
IUNG8,2025-06-01,12.3,25.7,19.0
IUNG8,2025-06-02,0.0,26.4,13.2
IUNG8,2025-06-03,0.0,20.9,10.45
IUNG8,2025-06-04,11.4,25.1,18.25
IUNG8,2025-06-05,16.6,26.6,21.6
IUNG8,2025-06-06,15.8,26.6,21.2
IUNG8,2025-06-07,0.0,25.7,12.85
IUNG8,2025-06-08,11.8,21.6,16.7
IUNG8,2025-06-09,0.0,17.4,8.7
IUNG8,2025-06-10,5.6,19.6,12.6
IUNG8,2025-06-11,0.0,19.3,9.65
IUNG8,2025-06-12,0.0,19.1,9.55
IUNG8,2025-06-13,8.3,18.6,13.45
IUNG8,2025-06-14,9.9,21.0,15.45
IUNG8,2025-06-15,8.9,24.7,16.8
IUNG8,2025-06-16,10.9,28.0,19.45
IUNG8,2025-06-17,0.0,21.9,10.95
IUNG8,2025-06-18,10.9,25.7,18.3
IUNG8,2025-06-19,0.0,19.6,9.8
IUNG8,2025-06-20,9.2,20.3,14.75
IUNG8,2025-06-21,8.8,22.9,15.85
IUNG8,2025-06-22,0.0,25.4,12.7
IUNG8,2025-06-23,0.0,28.5,14.25
IUNG8,2025-06-24,0.0,20.6,10.3
IUNG8,2025-06-25,12.4,22.5,17.45
IUNG8,2025-06-26,11.4,24.1,17.75
IUNG8,2025-06-27,0.0,23.3,11.65
IUNG8,2025-06-28,12.9,22.2,17.55
IUNG9,2025-04-01,0.0,12.1,6.05
IUNG9,2025-04-02,0.0,16.4,8.2
IUNG9,2025-04-03,2.8,17.6,10.2
IUNG9,2025-04-04,1.9,19.3,10.6
IUNG9,2025-04-05,-0.7,9.0,4.15
IUNG9,2025-04-06,-1.5,1.0,-0.25
IUNG9,2025-04-07,-2.7,6.5,1.9
IUNG9,2025-04-08,-2.6,7.0,2.2
IUNG9,2025-04-09,-2.5,8.5,3.0
IUNG9,2025-04-10,-2.1,3.5,0.7
IUNG9,2025-04-11,-0.1,6.2,3.05
IUNG9,2025-04-12,0.0,4.9,2.45
IUNG9,2025-04-16,0.0,22.9,11.45
IUNG9,2025-04-17,0.0,26.4,13.2
IUNG9,2025-04-18,0.0,25.1,12.55
IUNG9,2025-04-19,9.9,13.0,11.45
IUNG9,2025-04-21,0.0,22.8,11.4
IUNG9,2025-04-22,11.0,23.0,17.0
IUNG9,2025-04-23,8.7,20.8,14.75
IUNG9,2025-04-24,0.0,21.6,10.8
IUNG9,2025-04-25,0.0,13.3,6.65
IUNG9,2025-04-26,-0.5,10.9,5.2
IUNG9,2025-04-27,-0.9,12.7,5.9
IUNG9,2025-04-28,-0.4,17.5,8.55
IUNG9,2025-04-29,0.0,19.4,9.7
IUNG9,2025-04-30,3.8,19.5,11.65
IUNG9,2025-05-01,0.0,18.4,9.2
IUNG9,2025-05-02,3.2,21.0,12.1
IUNG9,2025-05-03,11.1,23.5,17.3
IUNG9,2025-05-04,4.6,16.6,10.6
IUNG9,2025-05-05,0.0,10.5,5.25
IUNG9,2025-05-06,0.0,12.6,6.3
IUNG9,2025-05-07,-0.8,12.9,6.05
IUNG9,2025-05-08,-1.3,10.7,4.7
IUNG9,2025-05-09,-1.1,10.8,4.85
IUNG9,2025-05-10,4.3,9.3,6.8
IUNG9,2025-05-11,0.0,12.8,6.4
IUNG9,2025-05-12,0.0,13.2,6.6
IUNG9,2025-05-13,0.3,15.4,7.85
IUNG9,2025-05-14,4.4,15.2,9.8
IUNG9,2025-05-15,1.9,10.7,6.3
IUNG9,2025-05-16,0.0,9.2,4.6
IUNG9,2025-05-17,0.8,11.3,6.05
IUNG9,2025-05-18,3.2,10.3,6.75
IUNG9,2025-05-19,5.2,14.7,9.95
IUNG9,2025-05-20,6.8,19.6,13.2
IUNG9,2025-05-21,0.0,21.2,10.6
IUNG9,2025-05-22,8.1,21.3,14.7
IUNG9,2025-05-23,8.6,12.8,10.7
IUNG9,2025-05-24,0.0,14.5,7.25
IUNG9,2025-05-25,2.4,16.8,9.6
IUNG9,2025-05-26,0.0,21.1,10.55
IUNG9,2025-05-27,6.9,20.3,13.6
IUNG9,2025-05-28,0.0,20.8,10.4
IUNG9,2025-05-29,7.2,14.4,10.8
IUNG9,2025-05-30,0.0,20.2,10.1
IUNG9,2025-05-31,12.1,23.7,17.9
IUNG9,2025-06-01,0.0,25.2,12.6
IUNG9,2025-06-02,0.0,25.7,12.85
IUNG9,2025-06-03,0.0,20.1,10.05
IUNG9,2025-06-04,0.0,24.3,12.15
IUNG9,2025-06-05,16.0,26.2,21.1
IUNG9,2025-06-06,0.0,25.8,12.9
IUNG9,2025-06-07,14.0,25.6,19.8
IUNG9,2025-06-08,11.7,21.8,16.75
IUNG9,2025-06-09,0.0,16.7,8.35
IUNG9,2025-06-10,4.6,19.5,12.05
IUNG9,2025-06-11,9.1,19.0,14.05
IUNG9,2025-06-12,0.0,19.1,9.55
IUNG9,2025-06-13,0.0,18.6,9.3
IUNG9,2025-06-14,0.0,21.2,10.6
IUNG9,2025-06-15,6.8,24.6,15.7
IUNG9,2025-06-16,0.0,27.7,13.85
IUNG9,2025-06-17,0.0,22.3,11.15
IUNG9,2025-06-18,0.0,25.2,12.6
IUNG9,2025-06-19,0.0,19.9,9.95
IUNG9,2025-06-20,0.0,20.2,10.1
IUNG9,2025-06-21,0.0,22.4,11.2
IUNG9,2025-06-22,8.6,25.4,17.0
IUNG9,2025-06-23,6.9,27.5,17.2
IUNG9,2025-06-24,0.0,20.5,10.25
IUNG9,2025-06-25,12.0,22.2,17.1
IUNG9,2025-06-26,9.3,24.0,16.65
IUNG9,2025-06-27,14.2,22.4,18.3
IUNG9,2025-06-28,12.6,22.3,17.45
PME232,2025-04-01,6.5,13.17,9.84
PME232,2025-04-02,6.34,16.87,11.6
PME232,2025-04-03,2.74,18.57,10.66
PME232,2025-04-04,4.37,20.08,12.22
PME232,2025-04-05,-0.9,9.38,4.24
PME232,2025-04-06,-1.43,2.4,0.48
PME232,2025-04-07,-3.34,7.91,2.28
PME232,2025-04-08,-2.49,8.5,3.0
PME232,2025-04-09,-3.43,9.97,3.27
PME232,2025-04-10,-2.03,6.31,2.14
PME232,2025-04-11,0.43,6.9,3.66
PME232,2025-04-12,1.34,15.46,8.4
PME232,2025-04-13,4.18,20.23,12.2
PME232,2025-04-14,10.29,21.58,15.93
PME232,2025-04-15,7.44,16.84,12.14
PME232,2025-04-16,10.79,23.91,17.35
PME232,2025-04-17,11.41,26.93,19.17
PME232,2025-04-18,11.76,27.03,19.4
PME232,2025-04-19,8.94,20.74,14.84
PME232,2025-04-20,7.72,23.97,15.84
PME232,2025-04-21,9.22,25.26,17.24
PME232,2025-04-22,9.6,23.88,16.74
PME232,2025-04-23,7.81,22.21,15.01
PME232,2025-04-24,7.81,23.91,15.86
PME232,2025-04-25,3.53,13.95,8.74
PME232,2025-04-26,-0.68,12.48,5.9
PME232,2025-04-27,-1.84,15.21,6.68
PME232,2025-04-28,-0.46,19.67,9.6
PME232,2025-04-29,1.49,20.52,11.0
PME232,2025-04-30,5.21,21.52,13.36
PME232,2025-05-01,4.96,19.92,12.44
PME232,2025-05-02,4.71,22.81,13.76
PME232,2025-05-03,12.2,25.17,18.69
PME232,2025-05-04,4.59,17.53,11.06
PME232,2025-05-05,4.4,10.91,7.66
PME232,2025-05-06,1.9,15.33,8.62
PME232,2025-05-07,0.12,14.39,7.26
PME232,2025-05-08,-1.43,11.88,5.22
PME232,2025-05-09,-2.24,11.98,4.87
PME232,2025-05-10,2.31,9.91,6.11
PME232,2025-05-11,2.31,15.24,8.78
PME232,2025-05-12,0.93,15.37,8.15
PME232,2025-05-13,2.06,16.87,9.46
PME232,2025-05-14,6.97,16.68,11.82
PME232,2025-05-15,2.78,13.33,8.06
PME232,2025-05-16,2.53,10.85,6.69
PME232,2025-05-17,3.65,13.11,8.38
PME232,2025-05-18,3.59,11.29,7.44
PME232,2025-05-19,6.0,16.31,11.16
PME232,2025-05-20,7.75,20.83,14.29
PME232,2025-05-21,10.04,23.31,16.67
PME232,2025-05-22,8.85,22.75,15.8
PME232,2025-05-23,8.47,15.55,12.01
PME232,2025-05-24,4.62,17.97,11.3
PME232,2025-05-25,2.74,19.79,11.26
PME232,2025-05-26,4.21,23.85,14.03
PME232,2025-05-27,7.97,21.87,14.92
PME232,2025-05-28,7.41,23.31,15.36
PME232,2025-05-29,7.47,14.64,11.06
PME232,2025-05-30,5.81,22.87,14.34
PME232,2025-05-31,12.89,25.26,19.08
PME232,2025-06-01,11.67,27.78,19.73
PME232,2025-06-02,15.71,28.1,21.9
PME232,2025-06-03,11.51,23.6,17.56
PME232,2025-06-04,10.72,26.3,18.51
PME232,2025-06-05,16.75,28.51,22.63
PME232,2025-06-06,15.55,27.03,21.29
PME232,2025-06-07,14.36,28.32,21.34
PME232,2025-06-08,12.48,23.69,18.08
PME232,2025-06-09,7.59,18.57,13.08
PME232,2025-06-10,6.37,20.83,13.6
PME232,2025-06-11,9.32,20.26,14.79
PME232,2025-06-12,8.22,20.96,14.59
PME232,2025-06-13,7.53,20.23,13.88
PME232,2025-06-14,9.28,23.31,16.29
PME232,2025-06-15,8.5,28.07,18.28
PME232,2025-06-16,10.63,30.4,20.52
PME232,2025-06-17,12.86,23.09,17.98
PME232,2025-06-18,11.7,27.25,19.48
PME232,2025-06-19,8.19,21.36,14.77
PME232,2025-06-20,8.47,21.8,15.14
PME232,2025-06-21,6.34,24.6,15.47
PME232,2025-06-22,10.85,26.62,18.74
PME232,2025-06-23,9.06,28.54,18.8
PME232,2025-06-24,12.57,21.77,17.17
PME232,2025-06-25,12.67,23.56,18.11
PME232,2025-06-26,9.63,26.9,18.26
PME232,2025-06-27,14.24,24.54,19.39
PME232,2025-06-28,12.83,24.07,18.45
PME233,2025-04-01,6.9,13.26,10.08
PME233,2025-04-02,7.41,17.41,12.41
PME233,2025-04-03,4.81,19.13,11.97
PME233,2025-04-04,3.43,20.3,11.86
PME233,2025-04-05,-0.25,9.19,4.47
PME233,2025-04-06,-2.06,1.03,-0.52
PME233,2025-04-07,-2.59,7.25,2.33
PME233,2025-04-08,-2.9,7.87,2.49
PME233,2025-04-09,-5.43,10.13,2.35
PME233,2025-04-10,-2.03,5.65,1.81
PME233,2025-04-11,-0.84,5.75,2.46
PME233,2025-04-12,-0.5,13.42,6.46
PME233,2025-04-13,1.74,21.11,11.42
PME233,2025-04-14,8.03,21.46,14.74
PME233,2025-04-15,6.06,19.89,12.98
PME233,2025-04-16,9.1,23.6,16.35
PME233,2025-04-17,9.53,27.81,18.67
PME233,2025-04-18,11.7,28.57,20.13
PME233,2025-04-19,9.91,22.62,16.26
PME233,2025-04-20,8.72,23.53,16.12
PME233,2025-04-21,8.78,25.7,17.24
PME233,2025-04-22,10.0,26.81,18.4
PME233,2025-04-23,9.44,23.03,16.24
PME233,2025-04-24,7.62,23.69,15.66
PME233,2025-04-25,5.09,13.04,9.06
PME233,2025-04-26,-1.84,12.29,5.22
PME233,2025-04-27,-3.49,14.24,5.38
PME233,2025-04-28,-1.68,19.82,9.07
PME233,2025-04-29,4.21,21.68,12.94
PME233,2025-04-30,4.93,21.71,13.32
PME233,2025-05-01,3.93,19.57,11.75
PME233,2025-05-02,2.18,22.34,12.26
PME233,2025-05-03,11.92,25.55,18.74
PME233,2025-05-04,5.56,19.89,12.72
PME233,2025-05-05,2.81,11.79,7.3
PME233,2025-05-06,1.59,13.83,7.71
PME233,2025-05-07,-0.59,14.27,6.84
PME233,2025-05-08,-1.31,13.26,5.98
PME233,2025-05-09,-0.56,12.29,5.86
PME233,2025-05-10,2.96,11.32,7.14
PME233,2025-05-11,2.53,15.8,9.17
PME233,2025-05-12,2.78,15.93,9.36
PME233,2025-05-13,2.65,19.13,10.89
PME233,2025-05-14,1.84,16.37,9.1
PME233,2025-05-15,1.74,13.26,7.5
PME233,2025-05-16,1.31,10.63,5.97
PME233,2025-05-17,1.81,15.18,8.49
PME233,2025-05-18,2.71,11.92,7.32
PME233,2025-05-19,5.06,17.63,11.34
PME233,2025-05-20,8.56,21.46,15.01
PME233,2025-05-21,8.13,23.78,15.96
PME233,2025-05-22,10.38,24.0,17.19
PME233,2025-05-23,8.81,11.92,10.36
PME233,2025-05-24,6.15,14.17,10.16
PME233,2025-05-25,5.72,18.54,12.13
PME233,2025-05-26,5.37,22.75,14.06
PME233,2025-05-27,7.84,21.84,14.84
PME233,2025-05-28,10.66,17.44,14.05
PME233,2025-05-29,9.69,21.43,15.56
PME233,2025-05-30,7.34,21.99,14.66
PME233,2025-05-31,12.14,25.04,18.59
PME233,2025-06-01,11.07,27.56,19.31
PME233,2025-06-02,15.93,28.66,22.3
PME233,2025-06-03,11.32,21.08,16.2
PME233,2025-06-04,8.91,26.11,17.51
PME233,2025-06-05,15.55,28.88,22.22
PME233,2025-06-06,16.28,28.03,22.16
PME233,2025-06-07,14.58,29.07,21.82
PME233,2025-06-08,13.2,25.33,19.26
PME233,2025-06-09,7.94,18.66,13.3
PME233,2025-06-10,6.47,20.64,13.56
PME233,2025-06-11,11.13,19.64,15.39
PME233,2025-06-12,7.94,20.01,13.98
PME233,2025-06-13,7.47,21.4,14.43
PME233,2025-06-14,9.19,22.65,15.92
PME233,2025-06-15,8.5,26.08,17.29
PME233,2025-06-16,10.54,29.74,20.14
PME233,2025-06-17,11.63,24.67,18.15
PME233,2025-06-18,10.22,27.25,18.74
PME233,2025-06-19,10.16,22.31,16.24
PME233,2025-06-20,9.13,22.46,15.8
PME233,2025-06-21,7.44,25.2,16.32
PME233,2025-06-22,8.19,27.75,17.97
PME233,2025-06-23,6.59,27.47,17.03
PME233,2025-06-24,11.6,22.43,17.02
PME233,2025-06-25,11.6,25.39,18.5
PME233,2025-06-26,10.94,26.33,18.63
PME233,2025-06-27,14.46,26.05,20.26
PME233,2025-06-28,12.89,23.66,18.27
PME234,2025-04-01,7.34,12.45,9.9
PME234,2025-04-02,6.18,17.15,11.66
PME234,2025-04-03,3.71,18.6,11.16
PME234,2025-04-04,1.4,19.48,10.44
PME234,2025-04-05,-0.15,8.31,4.08
PME234,2025-04-06,-2.15,2.28,0.06
PME234,2025-04-07,-2.96,7.59,2.32
PME234,2025-04-08,-4.74,7.56,1.41
PME234,2025-04-09,-5.33,9.6,2.13
PME234,2025-04-10,-1.99,4.96,1.48
PME234,2025-04-11,0.03,6.59,3.31
PME234,2025-04-12,-0.18,14.52,7.17
PME234,2025-04-13,0.28,20.11,10.2
PME234,2025-04-14,6.94,22.21,14.58
PME234,2025-04-15,6.5,19.01,12.76
PME234,2025-04-16,10.07,23.85,16.96
PME234,2025-04-17,8.28,27.15,17.72
PME234,2025-04-18,11.32,26.87,19.1
PME234,2025-04-19,7.37,20.7,14.04
PME234,2025-04-20,6.9,22.65,14.77
PME234,2025-04-21,5.72,24.63,15.18
PME234,2025-04-22,7.22,26.33,16.77
PME234,2025-04-23,6.81,21.11,13.96
PME234,2025-04-24,4.96,22.24,13.6
PME234,2025-04-25,4.15,13.33,8.74
PME234,2025-04-26,-3.02,11.6,4.29
PME234,2025-04-27,-3.87,14.02,5.07
PME234,2025-04-28,-3.52,19.04,7.76
PME234,2025-04-29,-1.18,20.39,9.6
PME234,2025-04-30,1.74,20.61,11.18
PME234,2025-05-01,1.15,18.41,9.78
PME234,2025-05-02,-0.59,22.43,10.92
PME234,2025-05-03,10.07,24.32,17.2
PME234,2025-05-04,6.31,17.88,12.1
PME234,2025-05-05,3.9,11.41,7.66
PME234,2025-05-06,-0.81,14.11,6.65
PME234,2025-05-07,-1.81,13.51,5.85
PME234,2025-05-08,-1.84,12.17,5.16
PME234,2025-05-09,-3.55,10.79,3.62
PME234,2025-05-10,1.74,8.81,5.28
PME234,2025-05-11,1.81,14.77,8.29
PME234,2025-05-12,1.24,15.3,8.27
PME234,2025-05-13,0.59,16.31,8.45
PME234,2025-05-14,0.0,16.56,8.28
PME234,2025-05-15,1.68,12.04,6.86
PME234,2025-05-16,1.78,9.88,5.83
PME234,2025-05-17,2.46,13.2,7.83
PME234,2025-05-18,2.49,12.95,7.72
PME234,2025-05-19,6.03,16.21,11.12
PME234,2025-05-20,7.78,20.77,14.28
PME234,2025-05-21,5.15,23.16,14.16
PME234,2025-05-22,6.84,23.47,15.16
PME234,2025-05-23,9.06,14.46,11.76
PME234,2025-05-24,2.56,15.11,8.83
PME234,2025-05-25,1.65,18.63,10.14
PME234,2025-05-26,3.28,22.65,12.96
PME234,2025-05-27,8.0,21.18,14.59
PME234,2025-05-28,6.59,22.37,14.48
PME234,2025-05-29,8.44,18.38,13.41
PME234,2025-05-30,7.19,21.68,14.44
PME234,2025-05-31,10.38,24.95,17.66
PME234,2025-06-01,9.03,27.69,18.36
PME234,2025-06-02,14.71,27.62,21.16
PME234,2025-06-03,9.85,21.9,15.88
PME234,2025-06-04,9.47,26.18,17.82
PME234,2025-06-05,16.75,27.75,22.25
PME234,2025-06-06,14.46,27.56,21.01
PME234,2025-06-07,13.7,27.66,20.68
PME234,2025-06-08,12.54,23.25,17.9
PME234,2025-06-09,7.66,17.91,12.78
PME234,2025-06-10,5.53,20.67,13.1
PME234,2025-06-11,10.47,20.17,15.32
PME234,2025-06-12,8.5,20.08,14.29
PME234,2025-06-13,7.91,19.98,13.94
PME234,2025-06-14,7.78,22.31,15.04
PME234,2025-06-15,6.62,25.86,16.24
PME234,2025-06-16,8.16,29.07,18.62
PME234,2025-06-17,10.72,22.4,16.56
PME234,2025-06-18,11.35,27.09,19.22
PME234,2025-06-19,9.79,21.58,15.68
PME234,2025-06-20,7.87,21.46,14.66
PME234,2025-06-21,4.96,23.69,14.32
PME234,2025-06-22,7.0,26.21,16.6
PME234,2025-06-23,5.93,28.95,17.44
PME234,2025-06-24,13.23,21.52,17.38
PME234,2025-06-25,12.39,24.51,18.45
PME234,2025-06-26,10.41,25.52,17.96
PME234,2025-06-27,14.42,24.79,19.6
PME234,2025-06-28,12.83,22.72,17.77
PME235,2025-04-01,7.34,12.29,9.82
PME235,2025-04-02,6.4,17.56,11.98
PME235,2025-04-03,5.09,19.2,12.14
PME235,2025-04-04,3.03,20.14,11.58
PME235,2025-04-05,-0.15,8.72,4.28
PME235,2025-04-06,-2.34,2.4,0.03
PME235,2025-04-07,-3.31,7.78,2.24
PME235,2025-04-08,-3.8,7.28,1.74
PME235,2025-04-09,-4.65,9.57,2.46
PME235,2025-04-10,-1.96,5.09,1.56
PME235,2025-04-11,0.0,6.37,3.18
PME235,2025-04-12,-0.43,14.27,6.92
PME235,2025-04-13,1.31,19.98,10.64
PME235,2025-04-14,9.06,21.36,15.21
PME235,2025-04-15,7.34,19.07,13.2
PME235,2025-04-16,9.82,22.21,16.02
PME235,2025-04-17,10.66,27.03,18.84
PME235,2025-04-18,12.1,27.81,19.95
PME235,2025-04-19,7.81,21.87,14.84
PME235,2025-04-20,7.5,22.59,15.04
PME235,2025-04-21,7.41,24.76,16.08
PME235,2025-04-22,9.5,26.55,18.02
PME235,2025-04-23,8.6,21.58,15.09
PME235,2025-04-24,6.53,22.68,14.6
PME235,2025-04-25,4.03,13.17,8.6
PME235,2025-04-26,-0.9,12.14,5.62
PME235,2025-04-27,-1.53,14.3,6.39
PME235,2025-04-28,-1.96,19.79,8.91
PME235,2025-04-29,0.65,20.99,10.82
PME235,2025-04-30,3.71,20.96,12.34
PME235,2025-05-01,2.59,18.79,10.69
PME235,2025-05-02,0.93,22.43,11.68
PME235,2025-05-03,10.72,25.01,17.87
PME235,2025-05-04,6.62,18.19,12.4
PME235,2025-05-05,4.96,11.41,8.18
PME235,2025-05-06,0.65,14.49,7.57
PME235,2025-05-07,-0.25,13.55,6.65
PME235,2025-05-08,-0.81,12.39,5.79
PME235,2025-05-09,-2.65,11.88,4.62
PME235,2025-05-10,2.4,9.57,5.98
PME235,2025-05-11,1.96,14.2,8.08
PME235,2025-05-12,2.65,14.71,8.68
PME235,2025-05-13,1.56,16.71,9.14
PME235,2025-05-14,1.34,17.31,9.32
PME235,2025-05-15,1.74,12.57,7.16
PME235,2025-05-16,1.99,10.57,6.28
PME235,2025-05-17,2.65,13.14,7.9
PME235,2025-05-18,1.74,12.89,7.32
PME235,2025-05-19,6.22,16.84,11.53
PME235,2025-05-20,8.41,20.99,14.7
PME235,2025-05-21,6.18,24.13,15.16
PME235,2025-05-22,8.75,23.38,16.06
PME235,2025-05-23,9.03,14.77,11.9
PME235,2025-05-24,4.03,14.3,9.17
PME235,2025-05-25,2.87,18.38,10.62
PME235,2025-05-26,4.5,22.78,13.64
PME235,2025-05-27,10.38,21.71,16.05
PME235,2025-05-28,8.81,21.96,15.39
PME235,2025-05-29,9.53,19.35,14.44
PME235,2025-05-30,5.4,22.06,13.73
PME235,2025-05-31,11.16,24.1,17.63
PME235,2025-06-01,10.29,26.87,18.58
PME235,2025-06-02,15.46,27.94,21.7
PME235,2025-06-03,9.69,21.87,15.78
PME235,2025-06-04,8.81,25.7,17.26
PME235,2025-06-05,16.4,27.88,22.14
PME235,2025-06-06,14.58,27.94,21.26
PME235,2025-06-07,13.73,27.88,20.8
PME235,2025-06-08,12.86,23.78,18.32
PME235,2025-06-09,8.47,17.97,13.22
PME235,2025-06-10,6.53,20.52,13.52
PME235,2025-06-11,9.82,20.45,15.14
PME235,2025-06-12,8.44,19.16,13.8
PME235,2025-06-13,8.53,20.42,14.48
PME235,2025-06-14,8.88,22.68,15.78
PME235,2025-06-15,7.84,25.61,16.73
PME235,2025-06-16,9.16,29.61,19.38
PME235,2025-06-17,10.51,22.62,16.57
PME235,2025-06-18,10.29,27.18,18.74
PME235,2025-06-19,10.47,22.12,16.3
PME235,2025-06-20,9.19,21.4,15.29
PME235,2025-06-21,6.62,24.67,15.65
PME235,2025-06-22,8.06,26.3,17.18
PME235,2025-06-23,7.03,27.56,17.29
PME235,2025-06-24,12.1,21.62,16.86
PME235,2025-06-25,11.98,24.89,18.44
PME235,2025-06-26,11.01,25.52,18.26
PME235,2025-06-27,14.39,24.98,19.69
PME235,2025-06-28,12.98,22.31,17.64
PME236,2025-04-01,6.78,12.04,9.41
PME236,2025-04-02,4.21,16.56,10.38
PME236,2025-04-03,1.65,18.19,9.92
PME236,2025-04-04,3.12,19.73,11.42
PME236,2025-04-05,-0.37,9.19,4.41
PME236,2025-04-06,-1.71,0.74,-0.48
PME236,2025-04-07,-2.15,6.4,2.12
PME236,2025-04-08,-2.28,6.31,2.01
PME236,2025-04-09,-3.37,9.22,2.92
PME236,2025-04-10,-2.09,4.15,1.03
PME236,2025-04-11,-0.15,6.31,3.08
PME236,2025-04-12,-0.03,12.29,6.13
PME236,2025-04-13,-1.12,20.2,9.54
PME236,2025-04-14,7.03,19.95,13.49
PME236,2025-04-15,4.43,16.62,10.52
PME236,2025-04-16,8.85,24.45,16.65
PME236,2025-04-17,7.37,27.56,17.46
PME236,2025-04-18,11.67,26.99,19.33
PME236,2025-04-19,8.22,20.99,14.6
PME236,2025-04-20,6.44,22.9,14.67
PME236,2025-04-21,6.15,24.82,15.48
PME236,2025-04-22,8.09,25.58,16.84
PME236,2025-04-23,8.97,22.02,15.5
PME236,2025-04-24,7.37,22.87,15.12
PME236,2025-04-25,5.75,12.89,9.32
PME236,2025-04-26,0.68,11.79,6.24
PME236,2025-04-27,-0.71,13.92,6.6
PME236,2025-04-28,-1.84,18.91,8.54
PME236,2025-04-29,0.84,20.01,10.42
PME236,2025-04-30,4.93,19.26,12.1
PME236,2025-05-01,2.09,18.0,10.04
PME236,2025-05-02,0.56,21.43,11.0
PME236,2025-05-03,11.23,24.57,17.9
PME236,2025-05-04,5.25,18.63,11.94
PME236,2025-05-05,4.84,11.2,8.02
PME236,2025-05-06,1.68,12.7,7.19
PME236,2025-05-07,-0.59,13.86,6.64
PME236,2025-05-08,-1.87,12.67,5.4
PME236,2025-05-09,2.37,10.41,6.39
PME236,2025-05-10,3.62,10.41,7.02
PME236,2025-05-11,3.34,14.05,8.7
PME236,2025-05-12,2.78,14.2,8.49
PME236,2025-05-13,2.53,16.02,9.28
PME236,2025-05-14,0.87,15.05,7.96
PME236,2025-05-15,2.93,11.51,7.22
PME236,2025-05-16,0.43,11.04,5.74
PME236,2025-05-17,-0.59,13.01,6.21
PME236,2025-05-18,3.31,12.14,7.72
PME236,2025-05-19,5.72,16.43,11.08
PME236,2025-05-20,6.4,19.16,12.78
PME236,2025-05-21,9.25,22.24,15.74
PME236,2025-05-22,8.28,22.56,15.42
PME236,2025-05-23,8.91,11.35,10.13
PME236,2025-05-24,3.46,13.55,8.51
PME236,2025-05-25,3.62,16.78,10.2
PME236,2025-05-26,4.37,22.09,13.23
PME236,2025-05-27,10.32,20.26,15.29
PME236,2025-05-28,9.72,18.88,14.3
PME236,2025-05-29,10.57,18.16,14.36
PME236,2025-05-30,8.5,20.14,14.32
PME236,2025-05-31,11.16,24.0,17.58
PME236,2025-06-01,10.04,28.1,19.07
PME236,2025-06-02,16.37,26.49,21.43
PME236,2025-06-03,11.38,20.89,16.14
PME236,2025-06-04,9.91,25.99,17.95
PME236,2025-06-05,13.89,27.09,20.49
PME236,2025-06-06,12.92,27.62,20.27
PME236,2025-06-07,14.24,28.54,21.39
PME236,2025-06-08,13.17,24.57,18.87
PME236,2025-06-09,8.22,17.85,13.04
PME236,2025-06-10,7.72,20.45,14.08
PME236,2025-06-11,11.13,19.23,15.18
PME236,2025-06-12,8.0,19.16,13.58
PME236,2025-06-13,7.66,18.72,13.19
PME236,2025-06-14,9.6,21.33,15.46
PME236,2025-06-15,7.59,24.35,15.97
PME236,2025-06-16,6.22,27.25,16.74
PME236,2025-06-17,12.45,22.9,17.67
PME236,2025-06-18,12.45,25.39,18.92
PME236,2025-06-19,8.78,19.92,14.35
PME236,2025-06-20,9.16,20.89,15.02
PME236,2025-06-21,8.66,22.5,15.58
PME236,2025-06-22,7.25,25.89,16.57
PME236,2025-06-23,5.81,29.14,17.48
PME236,2025-06-24,12.95,21.24,17.1
PME236,2025-06-25,10.91,23.75,17.33
PME236,2025-06-26,11.2,26.49,18.84
PME236,2025-06-27,12.7,24.07,18.38
PME236,2025-06-28,12.95,22.02,17.48
PME237,2025-04-01,5.87,11.88,8.88
PME237,2025-04-02,5.43,16.87,11.15
PME237,2025-04-03,4.87,18.63,11.75
PME237,2025-04-04,2.68,19.89,11.28
PME237,2025-04-05,-0.87,8.66,3.9
PME237,2025-04-06,-1.59,2.62,0.52
PME237,2025-04-07,-3.8,7.41,1.81
PME237,2025-04-08,-1.21,8.94,3.86
PME237,2025-04-09,-2.03,9.75,3.86
PME237,2025-04-10,-2.12,5.4,1.64
PME237,2025-04-11,0.03,7.06,3.54
PME237,2025-04-12,0.31,16.21,8.26
PME237,2025-04-13,2.4,20.01,11.2
PME237,2025-04-14,9.06,22.46,15.76
PME237,2025-04-15,8.69,18.66,13.68
PME237,2025-04-16,10.6,23.44,17.02
PME237,2025-04-17,9.97,26.99,18.48
PME237,2025-04-18,12.51,28.32,20.42
PME237,2025-04-19,7.91,19.67,13.79
PME237,2025-04-20,7.41,21.96,14.68
PME237,2025-04-21,7.37,25.42,16.4
PME237,2025-04-22,8.03,24.16,16.1
PME237,2025-04-23,5.9,23.94,14.92
PME237,2025-04-24,10.38,22.18,16.28
PME237,2025-04-25,4.93,13.83,9.38
PME237,2025-04-26,0.68,13.7,7.19
PME237,2025-04-27,-1.03,15.46,7.22
PME237,2025-04-28,-1.81,21.93,10.06
PME237,2025-04-29,0.56,23.85,12.2
PME237,2025-04-30,3.34,23.85,13.6
PME237,2025-05-01,3.59,25.42,14.5
PME237,2025-05-02,1.56,28.19,14.88
PME237,2025-05-03,10.85,25.67,18.26
PME237,2025-05-04,4.46,17.25,10.86
PME237,2025-05-05,1.96,12.95,7.46
PME237,2025-05-06,0.18,17.59,8.88
PME237,2025-05-07,-0.71,15.99,7.64
PME237,2025-05-08,-1.09,14.64,6.78
PME237,2025-05-09,-2.96,17.28,7.16
PME237,2025-05-10,4.46,17.09,10.78
PME237,2025-05-11,3.56,18.25,10.9
PME237,2025-05-12,1.09,18.44,9.76
PME237,2025-05-13,-0.46,20.61,10.07
PME237,2025-05-14,3.93,23.25,13.59
PME237,2025-05-15,2.21,14.24,8.22
PME237,2025-05-16,2.81,16.97,9.89
PME237,2025-05-17,3.37,12.2,7.78
PME237,2025-05-18,3.03,11.76,7.4
PME237,2025-05-19,4.71,16.4,10.56
PME237,2025-05-20,8.6,21.99,15.29
PME237,2025-05-21,6.28,25.07,15.68
PME237,2025-05-22,6.09,20.42,13.26
PME237,2025-05-23,2.87,19.16,11.02
PME237,2025-05-24,1.74,19.7,10.72
PME237,2025-05-25,2.4,22.24,12.32
PME237,2025-05-26,4.37,23.63,14.0
PME237,2025-05-27,5.93,24.19,15.06
PME237,2025-05-28,6.84,24.67,15.76
PME237,2025-05-29,6.69,21.71,14.2
PME237,2025-05-30,5.12,27.06,16.09
PME237,2025-05-31,12.26,30.08,21.17
PME237,2025-06-01,10.26,27.22,18.74
PME237,2025-06-02,13.99,28.57,21.28
PME237,2025-06-03,10.57,26.71,18.64
PME237,2025-06-04,9.75,29.77,19.76
PME237,2025-06-05,15.8,26.71,21.26
PME237,2025-06-06,13.39,27.34,20.37
PME237,2025-06-07,12.79,26.65,19.72
PME237,2025-06-08,11.35,20.86,16.1
PME237,2025-06-09,5.62,18.85,12.24
PME237,2025-06-10,5.21,22.65,13.93
PME237,2025-06-11,8.22,20.64,14.43
PME237,2025-06-12,5.65,23.38,14.52
PME237,2025-06-13,8.09,23.78,15.94
PME237,2025-06-14,7.91,27.12,17.52
PME237,2025-06-15,8.03,30.87,19.45
PME237,2025-06-16,10.26,31.0,20.63
PME237,2025-06-17,8.91,27.12,18.02
PME237,2025-06-18,10.69,30.18,20.43
PME237,2025-06-19,8.06,26.24,17.15
PME237,2025-06-20,6.25,24.51,15.38
PME237,2025-06-21,4.81,27.53,16.17
PME237,2025-06-22,8.63,32.32,20.48
PME237,2025-06-23,8.94,30.11,19.52
PME237,2025-06-24,9.28,26.08,17.68
PME237,2025-06-25,11.98,29.55,20.76
PME237,2025-06-26,8.56,33.61,21.08
PME237,2025-06-27,14.2,24.23,19.22
PME237,2025-06-28,12.01,26.68,19.34
PME238,2025-04-01,7.34,12.01,9.68
PME238,2025-04-02,6.4,17.0,11.7
PME238,2025-04-03,2.43,19.01,10.72
PME238,2025-04-04,2.4,19.86,11.13
PME238,2025-04-05,-0.06,8.91,4.42
PME238,2025-04-06,-1.9,2.09,0.09
PME238,2025-04-07,-3.71,8.03,2.16
PME238,2025-04-08,-3.96,8.03,2.03
PME238,2025-04-09,-4.68,9.75,2.54
PME238,2025-04-10,-1.93,5.97,2.02
PME238,2025-04-11,-0.03,6.44,3.2
PME238,2025-04-12,-0.87,13.33,6.23
PME238,2025-04-13,1.53,20.45,10.99
PME238,2025-04-14,8.41,21.74,15.08
PME238,2025-04-15,5.53,19.82,12.68
PME238,2025-04-16,9.6,22.53,16.07
PME238,2025-04-17,9.32,27.56,18.44
PME238,2025-04-18,10.6,27.94,19.27
PME238,2025-04-19,6.53,21.3,13.92
PME238,2025-04-20,5.47,22.68,14.08
PME238,2025-04-21,4.93,25.67,15.3
PME238,2025-04-22,7.09,26.46,16.77
PME238,2025-04-23,7.53,22.09,14.81
PME238,2025-04-24,5.03,23.34,14.18
PME238,2025-04-25,2.81,13.14,7.98
PME238,2025-04-26,-2.12,12.45,5.16
PME238,2025-04-27,-4.09,14.27,5.09
PME238,2025-04-28,-3.37,18.72,7.67
PME238,2025-04-29,-0.56,20.92,10.18
PME238,2025-04-30,2.9,20.67,11.78
PME238,2025-05-01,0.74,18.79,9.76
PME238,2025-05-02,-0.78,22.21,10.72
PME238,2025-05-03,10.94,23.88,17.41
PME238,2025-05-04,5.25,17.63,11.44
PME238,2025-05-05,2.81,10.79,6.8
PME238,2025-05-06,-0.15,14.52,7.18
PME238,2025-05-07,-1.03,13.99,6.48
PME238,2025-05-08,-0.81,11.82,5.5
PME238,2025-05-09,-2.84,11.29,4.22
PME238,2025-05-10,2.31,9.66,5.98
PME238,2025-05-11,1.74,13.7,7.72
PME238,2025-05-12,1.71,14.77,8.24
PME238,2025-05-13,0.78,16.68,8.73
PME238,2025-05-14,0.03,16.43,8.23
PME238,2025-05-15,1.62,11.79,6.7
PME238,2025-05-16,1.62,9.79,5.7
PME238,2025-05-17,2.68,11.88,7.28
PME238,2025-05-18,1.46,12.29,6.88
PME238,2025-05-19,5.9,15.87,10.88
PME238,2025-05-20,8.5,20.33,14.42
PME238,2025-05-21,6.87,22.75,14.81
PME238,2025-05-22,9.72,22.21,15.96
PME238,2025-05-23,9.0,12.26,10.63
PME238,2025-05-24,2.71,15.58,9.14
PME238,2025-05-25,1.96,18.69,10.32
PME238,2025-05-26,4.25,22.72,13.48
PME238,2025-05-27,10.41,21.4,15.9
PME238,2025-05-28,8.41,20.92,14.66
PME238,2025-05-29,9.6,19.26,14.43
PME238,2025-05-30,5.34,21.33,13.34
PME238,2025-05-31,9.75,23.38,16.56
PME238,2025-06-01,8.97,27.47,18.22
PME238,2025-06-02,15.37,27.06,21.22
PME238,2025-06-03,9.25,21.14,15.2
PME238,2025-06-04,7.25,25.86,16.56
PME238,2025-06-05,15.52,27.72,21.62
PME238,2025-06-06,15.4,27.06,21.23
PME238,2025-06-07,14.02,28.25,21.14
PME238,2025-06-08,13.01,22.62,17.82
PME238,2025-06-09,8.16,17.28,12.72
PME238,2025-06-10,5.65,19.76,12.71
PME238,2025-06-11,9.35,20.11,14.73
PME238,2025-06-12,8.25,18.63,13.44
PME238,2025-06-13,8.31,20.36,14.34
PME238,2025-06-14,9.47,22.75,16.11
PME238,2025-06-15,8.25,25.77,17.01
PME238,2025-06-16,7.87,28.92,18.4
PME238,2025-06-17,11.51,22.59,17.05
PME238,2025-06-18,9.79,26.77,18.28
PME238,2025-06-19,9.79,21.84,15.82
PME238,2025-06-20,8.38,21.36,14.87
PME238,2025-06-21,7.19,23.75,15.47
PME238,2025-06-22,6.59,26.11,16.35
PME238,2025-06-23,5.59,27.91,16.75
PME238,2025-06-24,11.32,21.9,16.61
PME238,2025-06-25,12.01,24.85,18.43
PME238,2025-06-26,10.35,25.39,17.87
PME238,2025-06-27,14.11,24.79,19.45
PME238,2025-06-28,12.95,21.77,17.36
PME239,2025-04-01,6.5,12.23,9.36
PME239,2025-04-02,4.87,16.56,10.72
PME239,2025-04-03,2.59,17.63,10.11
PME239,2025-04-04,1.18,19.79,10.48
PME239,2025-04-05,-0.62,8.91,4.15
PME239,2025-04-06,-1.65,1.09,-0.28
PME239,2025-04-07,-2.15,6.84,2.34
PME239,2025-04-08,-3.12,7.0,1.94
PME239,2025-04-09,-3.68,9.38,2.85
PME239,2025-04-10,-1.74,4.12,1.19
PME239,2025-04-11,-0.21,6.59,3.19
PME239,2025-04-12,0.81,13.39,7.1
PME239,2025-04-13,0.03,20.42,10.23
PME239,2025-04-14,9.1,20.89,15.0
PME239,2025-04-15,7.66,16.46,12.06
PME239,2025-04-16,10.79,25.07,17.93
PME239,2025-04-17,8.66,27.78,18.22
PME239,2025-04-18,12.29,26.49,19.39
PME239,2025-04-19,8.47,20.11,14.29
PME239,2025-04-20,7.28,22.62,14.95
PME239,2025-04-21,6.06,25.29,15.68
PME239,2025-04-22,8.28,24.54,16.41
PME239,2025-04-23,8.75,21.8,15.28
PME239,2025-04-24,7.0,22.09,14.54
PME239,2025-04-25,6.28,12.89,9.59
PME239,2025-04-26,0.4,11.67,6.04
PME239,2025-04-27,-1.59,14.05,6.23
PME239,2025-04-28,-1.43,19.2,8.88
PME239,2025-04-29,1.28,20.83,11.06
PME239,2025-04-30,5.25,20.14,12.7
PME239,2025-05-01,3.12,19.16,11.14
PME239,2025-05-02,1.46,22.75,12.1
PME239,2025-05-03,11.79,24.54,18.16
PME239,2025-05-04,5.9,17.66,11.78
PME239,2025-05-05,3.78,11.98,7.88
PME239,2025-05-06,1.03,12.98,7.0
PME239,2025-05-07,-0.59,14.02,6.72
PME239,2025-05-08,-1.46,11.07,4.8
PME239,2025-05-09,1.81,11.23,6.52
PME239,2025-05-10,3.09,9.75,6.42
PME239,2025-05-11,3.81,14.55,9.18
PME239,2025-05-12,1.46,14.52,7.99
PME239,2025-05-13,0.87,16.78,8.83
PME239,2025-05-14,2.74,15.49,9.12
PME239,2025-05-15,2.03,11.67,6.85
PME239,2025-05-16,0.81,10.32,5.56
PME239,2025-05-17,1.34,12.86,7.1
PME239,2025-05-18,3.9,11.23,7.56
PME239,2025-05-19,5.25,14.17,9.71
PME239,2025-05-20,5.75,19.42,12.58
PME239,2025-05-21,9.6,23.16,16.38
PME239,2025-05-22,9.13,23.16,16.14
PME239,2025-05-23,8.66,12.29,10.48
PME239,2025-05-24,3.59,14.24,8.91
PME239,2025-05-25,2.09,17.72,9.9
PME239,2025-05-26,3.56,22.28,12.92
PME239,2025-05-27,10.29,20.83,15.56
PME239,2025-05-28,8.75,21.46,15.1
PME239,2025-05-29,10.47,15.05,12.76
PME239,2025-05-30,7.41,21.36,14.38
PME239,2025-05-31,12.45,24.98,18.72
PME239,2025-06-01,11.04,28.1,19.57
PME239,2025-06-02,16.65,27.12,21.88
PME239,2025-06-03,12.95,21.84,17.4
PME239,2025-06-04,11.26,26.49,18.88
PME239,2025-06-05,13.92,27.44,20.68
PME239,2025-06-06,13.2,27.25,20.23
PME239,2025-06-07,14.64,28.32,21.48
PME239,2025-06-08,13.08,24.89,18.98
PME239,2025-06-09,8.53,17.53,13.03
PME239,2025-06-10,7.91,21.11,14.51
PME239,2025-06-11,10.76,19.48,15.12
PME239,2025-06-12,8.09,19.82,13.96
PME239,2025-06-13,7.12,18.72,12.92
PME239,2025-06-14,8.25,21.36,14.8
PME239,2025-06-15,7.06,24.79,15.92
PME239,2025-06-16,9.16,28.7,18.93
PME239,2025-06-17,12.14,23.41,17.77
PME239,2025-06-18,11.35,26.46,18.9
PME239,2025-06-19,8.03,19.82,13.92
PME239,2025-06-20,7.44,20.83,14.14
PME239,2025-06-21,6.65,22.94,14.8
PME239,2025-06-22,9.1,26.02,17.56
PME239,2025-06-23,7.66,30.33,18.99
PME239,2025-06-24,13.33,21.43,17.38
PME239,2025-06-25,12.89,23.88,18.38
PME239,2025-06-26,11.48,25.33,18.4
PME239,2025-06-27,14.36,24.45,19.4
PME239,2025-06-28,12.98,23.16,18.07
PME240,2025-04-01,6.37,15.46,10.92
PME240,2025-04-02,5.06,18.69,11.88
PME240,2025-04-03,1.78,19.82,10.8
PME240,2025-04-04,1.9,21.65,11.77
PME240,2025-04-05,-1.06,9.41,4.18
PME240,2025-04-06,-1.4,3.06,0.83
PME240,2025-04-07,-2.53,8.63,3.05
PME240,2025-04-08,-3.12,9.94,3.41
PME240,2025-04-09,-1.62,10.47,4.43
PME240,2025-04-10,-2.03,5.97,1.97
PME240,2025-04-11,0.34,6.75,3.54
PME240,2025-04-12,1.65,16.5,9.07
PME240,2025-04-13,3.09,22.02,12.56
PME240,2025-04-14,10.6,24.6,17.6
PME240,2025-04-15,9.13,17.0,13.07
PME240,2025-04-16,11.1,26.55,18.82
PME240,2025-04-17,11.04,28.85,19.94
PME240,2025-04-18,11.7,27.15,19.42
PME240,2025-04-19,8.31,21.58,14.94
PME240,2025-04-20,7.94,24.26,16.1
PME240,2025-04-21,8.03,26.14,17.08
PME240,2025-04-22,9.28,24.35,16.82
PME240,2025-04-23,7.62,23.66,15.64
PME240,2025-04-24,7.37,23.85,15.61
PME240,2025-04-25,3.31,13.17,8.24
PME240,2025-04-26,-0.87,14.33,6.73
PME240,2025-04-27,-1.99,15.37,6.69
PME240,2025-04-28,-1.46,20.36,9.45
PME240,2025-04-29,1.09,21.93,11.51
PME240,2025-04-30,4.81,22.18,13.5
PME240,2025-05-01,4.12,21.71,12.92
PME240,2025-05-02,2.37,23.94,13.16
PME240,2025-05-03,11.38,26.68,19.03
PME240,2025-05-04,3.87,18.76,11.32
PME240,2025-05-05,2.65,12.42,7.54
PME240,2025-05-06,0.49,14.77,7.63
PME240,2025-05-07,-0.96,16.09,7.56
PME240,2025-05-08,-1.31,13.61,6.15
PME240,2025-05-09,-1.99,14.08,6.04
PME240,2025-05-10,1.12,10.6,5.86
PME240,2025-05-11,1.53,15.15,8.34
PME240,2025-05-12,0.74,16.21,8.48
PME240,2025-05-13,-0.71,18.22,8.75
PME240,2025-05-14,5.37,18.25,11.81
PME240,2025-05-15,0.65,13.89,7.27
PME240,2025-05-16,-0.12,11.26,5.57
PME240,2025-05-17,1.49,14.2,7.84
PME240,2025-05-18,2.43,12.7,7.56
PME240,2025-05-19,5.72,17.0,11.36
PME240,2025-05-20,5.93,21.74,13.84
PME240,2025-05-21,8.5,24.7,16.6
PME240,2025-05-22,9.28,26.21,17.74
PME240,2025-05-23,7.59,14.74,11.16
PME240,2025-05-24,2.74,16.81,9.77
PME240,2025-05-25,1.4,20.89,11.14
PME240,2025-05-26,3.18,25.23,14.2
PME240,2025-05-27,6.53,22.37,14.45
PME240,2025-05-28,5.93,25.01,15.47
PME240,2025-05-29,8.81,14.46,11.64
PME240,2025-05-30,5.5,23.53,14.52
PME240,2025-05-31,11.29,26.77,19.03
PME240,2025-06-01,11.76,28.82,20.29
PME240,2025-06-02,16.9,29.51,23.2
PME240,2025-06-03,13.08,21.99,17.54
PME240,2025-06-04,11.63,27.97,19.8
PME240,2025-06-05,16.65,28.92,22.78
PME240,2025-06-06,15.18,28.6,21.89
PME240,2025-06-07,14.36,29.64,22.0
PME240,2025-06-08,11.79,24.29,18.04
PME240,2025-06-09,6.34,18.6,12.47
PME240,2025-06-10,4.59,21.8,13.2
PME240,2025-06-11,8.69,21.52,15.1
PME240,2025-06-12,7.5,21.36,14.43
PME240,2025-06-13,5.97,19.98,12.98
PME240,2025-06-14,7.41,23.53,15.47
PME240,2025-06-15,6.69,27.97,17.33
PME240,2025-06-16,9.79,30.46,20.12
PME240,2025-06-17,11.54,24.63,18.08
PME240,2025-06-18,10.0,27.56,18.78
PME240,2025-06-19,7.62,20.92,14.27
PME240,2025-06-20,7.62,21.87,14.74
PME240,2025-06-21,6.28,25.29,15.78
PME240,2025-06-22,10.0,27.94,18.97
PME240,2025-06-23,9.03,30.43,19.73
PME240,2025-06-24,12.67,22.34,17.5
PME240,2025-06-25,12.64,24.48,18.56
PME240,2025-06-26,10.6,27.31,18.95
PME240,2025-06-27,14.46,24.98,19.72
PME240,2025-06-28,12.04,24.98,18.51
PME241,2025-04-01,5.97,12.01,8.99
PME241,2025-04-02,5.75,17.0,11.38
PME241,2025-04-03,3.28,19.01,11.15
PME241,2025-04-04,3.28,20.23,11.76
PME241,2025-04-05,-0.5,9.28,4.39
PME241,2025-04-06,-2.06,2.24,0.09
PME241,2025-04-07,-4.33,8.34,2.0
PME241,2025-04-08,-1.59,8.85,3.63
PME241,2025-04-09,-2.03,10.29,4.13
PME241,2025-04-10,-2.49,4.18,0.84
PME241,2025-04-11,0.0,7.22,3.61
PME241,2025-04-12,-0.31,16.43,8.06
PME241,2025-04-13,1.62,22.02,11.82
PME241,2025-04-14,9.66,25.29,17.48
PME241,2025-04-15,6.97,20.11,13.54
PME241,2025-04-16,10.16,24.38,17.27
PME241,2025-04-17,9.16,29.17,19.16
PME241,2025-04-18,12.73,28.35,20.54
PME241,2025-04-19,8.25,22.53,15.39
PME241,2025-04-20,7.15,24.16,15.66
PME241,2025-04-21,7.28,25.23,16.26
PME241,2025-04-22,8.85,26.21,17.53
PME241,2025-04-23,7.09,22.46,14.78
PME241,2025-04-24,7.09,22.72,14.9
PME241,2025-04-25,5.06,13.83,9.44
PME241,2025-04-26,0.4,12.7,6.55
PME241,2025-04-27,-0.84,15.4,7.28
PME241,2025-04-28,-1.49,20.3,9.41
PME241,2025-04-29,1.46,21.36,11.41
PME241,2025-04-30,4.21,22.12,13.16
PME241,2025-05-01,3.74,20.58,12.16
PME241,2025-05-02,2.18,24.32,13.25
PME241,2025-05-03,10.85,24.35,17.6
PME241,2025-05-04,6.09,18.5,12.3
PME241,2025-05-05,4.9,10.38,7.64
PME241,2025-05-06,1.43,15.11,8.27
PME241,2025-05-07,0.96,13.58,7.27
PME241,2025-05-08,-0.9,12.83,5.96
PME241,2025-05-09,-1.71,12.35,5.32
PME241,2025-05-10,4.03,9.94,6.98
PME241,2025-05-11,3.65,15.71,9.68
PME241,2025-05-12,1.9,15.96,8.93
PME241,2025-05-13,2.96,17.0,9.98
PME241,2025-05-14,5.31,19.38,12.34
PME241,2025-05-15,1.65,13.04,7.34
PME241,2025-05-16,1.99,11.6,6.8
PME241,2025-05-17,3.06,12.17,7.62
PME241,2025-05-18,2.71,13.95,8.33
PME241,2025-05-19,4.56,17.47,11.01
PME241,2025-05-20,9.0,21.62,15.31
PME241,2025-05-21,8.0,25.14,16.57
PME241,2025-05-22,9.32,23.6,16.46
PME241,2025-05-23,8.75,15.99,12.37
PME241,2025-05-24,4.65,17.03,10.84
PME241,2025-05-25,2.56,21.49,12.02
PME241,2025-05-26,5.15,23.56,14.36
PME241,2025-05-27,10.54,22.37,16.45
PME241,2025-05-28,9.28,24.23,16.76
PME241,2025-05-29,8.69,17.63,13.16
PME241,2025-05-30,7.09,22.56,14.82
PME241,2025-05-31,12.51,25.07,18.79
PME241,2025-06-01,11.16,28.44,19.8
PME241,2025-06-02,15.15,28.38,21.76
PME241,2025-06-03,10.57,23.28,16.92
PME241,2025-06-04,9.53,27.09,18.31
PME241,2025-06-05,16.5,28.7,22.6
PME241,2025-06-06,14.96,29.26,22.11
PME241,2025-06-07,14.05,27.18,20.62
PME241,2025-06-08,11.54,23.97,17.76
PME241,2025-06-09,6.97,18.41,12.69
PME241,2025-06-10,5.87,21.52,13.7
PME241,2025-06-11,9.94,21.62,15.78
PME241,2025-06-12,8.72,20.33,14.52
PME241,2025-06-13,8.44,20.61,14.52
PME241,2025-06-14,9.97,23.97,16.97
PME241,2025-06-15,8.75,29.04,18.9
PME241,2025-06-16,11.32,30.55,20.94
PME241,2025-06-17,12.76,22.97,17.86
PME241,2025-06-18,11.85,28.85,20.35
PME241,2025-06-19,10.54,22.37,16.45
PME241,2025-06-20,9.44,22.31,15.88
PME241,2025-06-21,8.09,24.67,16.38
PME241,2025-06-22,10.57,26.33,18.45
PME241,2025-06-23,8.81,30.18,19.5
PME241,2025-06-24,12.83,22.87,17.85
PME241,2025-06-25,12.1,25.74,18.92
PME241,2025-06-26,10.82,26.93,18.88
PME241,2025-06-27,14.33,25.61,19.97
PME241,2025-06-28,12.45,22.81,17.63
PME242,2025-04-01,6.65,12.42,9.54
PME242,2025-04-02,2.62,17.19,9.91
PME242,2025-04-03,1.09,18.0,9.54
PME242,2025-04-04,-0.56,19.04,9.24
PME242,2025-04-05,-0.37,8.31,3.97
PME242,2025-04-06,-3.99,0.46,-1.76
PME242,2025-04-07,-2.37,5.97,1.8
PME242,2025-04-08,-4.74,5.93,0.59
PME242,2025-04-09,-7.02,8.66,0.82
PME242,2025-04-10,-1.99,4.81,1.41
PME242,2025-04-11,-0.28,5.65,2.68
PME242,2025-04-12,-1.0,11.79,5.4
PME242,2025-04-13,-1.4,20.14,9.37
PME242,2025-04-14,5.03,19.04,12.04
PME242,2025-04-15,4.87,14.68,9.78
PME242,2025-04-16,7.81,23.69,15.75
PME242,2025-04-17,8.19,26.59,17.39
PME242,2025-04-18,10.19,25.67,17.93
PME242,2025-04-19,7.87,20.67,14.27
PME242,2025-04-20,5.37,22.72,14.04
PME242,2025-04-21,6.94,25.07,16.0
PME242,2025-04-22,7.62,25.64,16.63
PME242,2025-04-23,7.37,22.31,14.84
PME242,2025-04-24,6.03,22.97,14.5
PME242,2025-04-25,6.18,13.39,9.78
PME242,2025-04-26,0.4,11.6,6.0
PME242,2025-04-27,-2.96,14.33,5.68
PME242,2025-04-28,-3.12,19.13,8.0
PME242,2025-04-29,-1.25,20.01,9.38
PME242,2025-04-30,1.65,19.23,10.44
PME242,2025-05-01,-0.18,18.79,9.3
PME242,2025-05-02,-1.34,22.15,10.4
PME242,2025-05-03,8.31,24.23,16.27
PME242,2025-05-04,0.74,19.16,9.95
PME242,2025-05-05,-0.78,12.07,5.64
PME242,2025-05-06,-0.81,11.01,5.1
PME242,2025-05-07,-2.99,14.93,5.97
PME242,2025-05-08,-4.21,11.73,3.76
PME242,2025-05-09,0.4,11.13,5.76
PME242,2025-05-10,0.53,10.04,5.28
PME242,2025-05-11,0.53,13.17,6.85
PME242,2025-05-12,0.46,14.52,7.49
PME242,2025-05-13,-1.12,16.12,7.5
PME242,2025-05-14,-1.71,14.42,6.36
PME242,2025-05-15,-0.43,11.01,5.29
PME242,2025-05-16,-0.31,11.67,5.68
PME242,2025-05-17,1.62,13.42,7.52
PME242,2025-05-18,3.28,12.54,7.91
PME242,2025-05-19,0.31,13.3,6.81
PME242,2025-05-20,-0.15,19.07,9.46
PME242,2025-05-21,3.49,22.59,13.04
PME242,2025-05-22,5.59,22.5,14.04
PME242,2025-05-23,8.47,11.95,10.21
PME242,2025-05-24,2.81,13.77,8.29
PME242,2025-05-25,3.65,16.46,10.06
PME242,2025-05-26,2.03,20.52,11.28
PME242,2025-05-27,4.0,20.14,12.07
PME242,2025-05-28,10.07,17.19,13.63
PME242,2025-05-29,9.44,18.03,13.74
PME242,2025-05-30,5.78,20.2,12.99
PME242,2025-05-31,11.79,24.29,18.04
PME242,2025-06-01,9.13,27.15,18.14
PME242,2025-06-02,13.08,26.59,19.84
PME242,2025-06-03,10.76,20.3,15.53
PME242,2025-06-04,10.26,26.08,18.17
PME242,2025-06-05,14.49,27.75,21.12
PME242,2025-06-06,12.92,27.88,20.4
PME242,2025-06-07,12.51,28.85,20.68
PME242,2025-06-08,13.04,24.82,18.93
PME242,2025-06-09,5.25,17.47,11.36
PME242,2025-06-10,2.9,21.3,12.1
PME242,2025-06-11,10.66,19.48,15.07
PME242,2025-06-12,5.09,19.73,12.41
PME242,2025-06-13,3.71,18.16,10.94
PME242,2025-06-14,5.56,21.14,13.35
PME242,2025-06-15,4.28,24.13,14.2
PME242,2025-06-16,4.59,27.06,15.82
PME242,2025-06-17,7.06,22.9,14.98
PME242,2025-06-18,6.09,25.26,15.68
PME242,2025-06-19,5.53,19.7,12.62
PME242,2025-06-20,4.09,20.67,12.38
PME242,2025-06-21,3.96,21.93,12.94
PME242,2025-06-22,4.78,25.74,15.26
PME242,2025-06-23,4.59,27.88,16.24
PME242,2025-06-24,11.76,21.43,16.6
PME242,2025-06-25,11.04,24.32,17.68
PME242,2025-06-26,7.37,25.17,16.27
PME242,2025-06-27,13.42,24.41,18.92
PME242,2025-06-28,12.32,22.06,17.19
PME243,2025-04-01,6.62,13.58,10.1
PME243,2025-04-02,6.0,18.13,12.06
PME243,2025-04-03,2.99,20.14,11.57
PME243,2025-04-04,2.06,19.57,10.82
PME243,2025-04-05,-0.12,8.72,4.3
PME243,2025-04-06,-1.87,2.99,0.56
PME243,2025-04-07,-4.27,8.09,1.91
PME243,2025-04-08,-2.28,8.25,2.99
PME243,2025-04-09,-4.3,9.66,2.68
PME243,2025-04-10,-2.4,6.34,1.97
PME243,2025-04-11,-0.78,5.93,2.58
PME243,2025-04-12,-1.59,13.86,6.14
PME243,2025-04-13,0.15,20.11,10.13
PME243,2025-04-14,8.0,21.27,14.64
PME243,2025-04-15,6.5,20.8,13.65
PME243,2025-04-16,8.88,22.06,15.47
PME243,2025-04-17,9.94,26.49,18.22
PME243,2025-04-18,11.98,28.03,20.01
PME243,2025-04-19,8.34,21.99,15.16
PME243,2025-04-20,7.31,22.46,14.88
PME243,2025-04-21,6.22,25.23,15.72
PME243,2025-04-22,7.12,26.65,16.88
PME243,2025-04-23,6.87,22.62,14.74
PME243,2025-04-24,6.03,23.75,14.89
PME243,2025-04-25,2.24,13.8,8.02
PME243,2025-04-26,-2.4,13.48,5.54
PME243,2025-04-27,-2.9,14.68,5.89
PME243,2025-04-28,-3.15,18.76,7.81
PME243,2025-04-29,-0.43,20.3,9.94
PME243,2025-04-30,2.71,20.8,11.76
PME243,2025-05-01,1.06,19.1,10.08
PME243,2025-05-02,1.03,21.84,11.44
PME243,2025-05-03,12.23,23.0,17.62
PME243,2025-05-04,5.4,17.94,11.67
PME243,2025-05-05,0.37,12.26,6.32
PME243,2025-05-06,0.03,14.39,7.21
PME243,2025-05-07,-1.15,14.68,6.76
PME243,2025-05-08,-2.21,13.67,5.73
PME243,2025-05-09,-3.37,11.45,4.04
PME243,2025-05-10,3.68,10.94,7.31
PME243,2025-05-11,0.03,15.3,7.66
PME243,2025-05-12,2.68,15.62,9.15
PME243,2025-05-13,1.12,17.56,9.34
PME243,2025-05-14,0.09,17.44,8.76
PME243,2025-05-15,3.06,13.39,8.22
PME243,2025-05-16,2.28,10.35,6.32
PME243,2025-05-17,1.87,11.76,6.82
PME243,2025-05-18,2.99,12.86,7.92
PME243,2025-05-19,4.18,18.57,11.38
PME243,2025-05-20,8.34,20.83,14.58
PME243,2025-05-21,6.81,23.69,15.25
PME243,2025-05-22,10.32,23.66,16.99
PME243,2025-05-23,8.97,14.33,11.65
PME243,2025-05-24,5.72,14.39,10.06
PME243,2025-05-25,4.06,19.13,11.6
PME243,2025-05-26,4.5,22.34,13.42
PME243,2025-05-27,8.47,23.97,16.22
PME243,2025-05-28,8.75,19.82,14.28
PME243,2025-05-29,9.41,21.49,15.45
PME243,2025-05-30,7.37,22.15,14.76
PME243,2025-05-31,11.38,24.0,17.69
PME243,2025-06-01,10.16,26.99,18.58
PME243,2025-06-02,14.33,26.62,20.48
PME243,2025-06-03,8.44,21.93,15.18
PME243,2025-06-04,8.6,25.36,16.98
PME243,2025-06-05,16.84,27.4,22.12
PME243,2025-06-06,15.87,26.33,21.1
PME243,2025-06-07,12.92,26.59,19.76
PME243,2025-06-08,12.83,23.12,17.98
PME243,2025-06-09,7.78,18.03,12.9
PME243,2025-06-10,6.09,20.01,13.05
PME243,2025-06-11,9.94,19.6,14.77
PME243,2025-06-12,7.81,19.45,13.63
PME243,2025-06-13,8.72,21.87,15.3
PME243,2025-06-14,8.75,24.51,16.63
PME243,2025-06-15,9.03,26.71,17.87
PME243,2025-06-16,9.44,30.14,19.79
PME243,2025-06-17,11.95,22.97,17.46
PME243,2025-06-18,11.04,25.92,18.48
PME243,2025-06-19,9.28,21.84,15.56
PME243,2025-06-20,8.03,22.59,15.31
PME243,2025-06-21,6.47,24.57,15.52
PME243,2025-06-22,7.44,26.59,17.02
PME243,2025-06-23,5.56,26.4,15.98
PME243,2025-06-24,12.7,21.65,17.17
PME243,2025-06-25,11.45,24.6,18.02
PME243,2025-06-26,10.26,27.03,18.64
PME243,2025-06-27,13.55,24.29,18.92
PME243,2025-06-28,12.39,23.44,17.92
PME244,2025-04-01,6.09,12.29,9.19
PME244,2025-04-02,5.87,16.02,10.94
PME244,2025-04-03,3.43,16.68,10.06
PME244,2025-04-04,5.93,19.79,12.86
PME244,2025-04-05,-1.18,10.38,4.6
PME244,2025-04-06,-2.49,1.24,-0.63
PME244,2025-04-07,-2.62,6.72,2.05
PME244,2025-04-08,-0.93,7.09,3.08
PME244,2025-04-09,-1.9,8.6,3.35
PME244,2025-04-10,-2.31,3.68,0.68
PME244,2025-04-11,-0.56,6.0,2.72
PME244,2025-04-12,2.43,13.86,8.14
PME244,2025-04-13,2.15,20.8,11.48
PME244,2025-04-14,9.47,21.3,15.39
PME244,2025-04-15,9.38,15.84,12.61
PME244,2025-04-16,10.88,25.14,18.01
PME244,2025-04-17,11.04,27.62,19.33
PME244,2025-04-18,11.82,25.92,18.87
PME244,2025-04-19,10.16,20.3,15.23
PME244,2025-04-20,8.94,22.97,15.95
PME244,2025-04-21,9.75,23.6,16.68
PME244,2025-04-22,12.1,23.97,18.04
PME244,2025-04-23,10.72,21.18,15.95
PME244,2025-04-24,8.85,21.02,14.93
PME244,2025-04-25,5.4,12.79,9.09
PME244,2025-04-26,2.34,11.32,6.83
PME244,2025-04-27,-0.46,13.67,6.6
PME244,2025-04-28,1.24,19.01,10.12
PME244,2025-04-29,6.28,20.52,13.4
PME244,2025-04-30,7.44,19.89,13.66
PME244,2025-05-01,6.94,18.98,12.96
PME244,2025-05-02,5.97,23.03,14.5
PME244,2025-05-03,12.51,24.07,18.29
PME244,2025-05-04,7.12,17.41,12.26
PME244,2025-05-05,5.25,12.23,8.74
PME244,2025-05-06,3.53,12.42,7.98
PME244,2025-05-07,1.18,13.83,7.5
PME244,2025-05-08,-0.06,11.51,5.72
PME244,2025-05-09,1.12,11.35,6.24
PME244,2025-05-10,3.12,9.19,6.15
PME244,2025-05-11,3.28,13.42,8.35
PME244,2025-05-12,3.43,14.58,9.01
PME244,2025-05-13,3.62,15.58,9.6
PME244,2025-05-14,6.28,14.93,10.6
PME244,2025-05-15,1.84,11.35,6.6
PME244,2025-05-16,1.34,10.32,5.83
PME244,2025-05-17,1.59,12.83,7.21
PME244,2025-05-18,3.78,10.51,7.14
PME244,2025-05-19,5.68,14.64,10.16
PME244,2025-05-20,6.28,20.04,13.16
PME244,2025-05-21,9.66,23.16,16.41
PME244,2025-05-22,9.72,22.75,16.24
PME244,2025-05-23,8.31,11.67,9.99
PME244,2025-05-24,5.84,14.86,10.35
PME244,2025-05-25,4.84,17.09,10.96
PME244,2025-05-26,7.06,22.43,14.74
PME244,2025-05-27,11.48,20.26,15.87
PME244,2025-05-28,10.38,22.15,16.26
PME244,2025-05-29,9.63,14.05,11.84
PME244,2025-05-30,7.84,20.96,14.4
PME244,2025-05-31,13.23,24.7,18.96
PME244,2025-06-01,13.36,26.02,19.69
PME244,2025-06-02,16.21,26.65,21.43
PME244,2025-06-03,14.77,20.55,17.66
PME244,2025-06-04,14.02,26.37,20.2
PME244,2025-06-05,13.8,27.4,20.6
PME244,2025-06-06,13.48,27.5,20.49
PME244,2025-06-07,15.02,28.25,21.64
PME244,2025-06-08,12.51,23.69,18.1
PME244,2025-06-09,7.97,17.31,12.64
PME244,2025-06-10,6.87,20.55,13.71
PME244,2025-06-11,11.2,19.51,15.36
PME244,2025-06-12,8.63,19.76,14.2
PME244,2025-06-13,7.15,18.32,12.74
PME244,2025-06-14,10.79,21.43,16.11
PME244,2025-06-15,11.29,24.95,18.12
PME244,2025-06-16,12.76,28.47,20.62
PME244,2025-06-17,13.42,22.87,18.14
PME244,2025-06-18,12.7,25.64,19.17
PME244,2025-06-19,10.16,19.7,14.93
PME244,2025-06-20,9.13,20.67,14.9
PME244,2025-06-21,7.72,22.46,15.09
PME244,2025-06-22,11.1,25.92,18.51
PME244,2025-06-23,11.26,29.83,20.54
PME244,2025-06-24,13.3,21.55,17.42
PME244,2025-06-25,14.11,24.1,19.1
PME244,2025-06-26,12.04,25.7,18.87
PME244,2025-06-27,14.33,24.48,19.4
PME244,2025-06-28,12.57,23.03,17.8
PME246,2025-04-01,7.09,12.7,9.9
PME246,2025-04-02,4.96,16.65,10.8
PME246,2025-04-03,1.87,18.0,9.94
PME246,2025-04-04,3.31,21.05,12.18
PME246,2025-04-05,-0.37,8.6,4.12
PME246,2025-04-06,-1.74,1.37,-0.18
PME246,2025-04-07,-2.4,7.34,2.47
PME246,2025-04-08,-2.71,7.19,2.24
PME246,2025-04-09,-4.4,11.07,3.34
PME246,2025-04-10,-2.31,5.0,1.34
PME246,2025-04-11,-0.09,6.12,3.02
PME246,2025-04-12,-0.12,15.21,7.55
PME246,2025-04-13,-0.06,19.95,9.94
PME246,2025-04-14,7.47,20.96,14.22
PME246,2025-04-15,5.43,17.91,11.67
PME246,2025-04-16,9.57,23.97,16.77
PME246,2025-04-17,8.97,26.84,17.9
PME246,2025-04-18,10.6,27.97,19.28
PME246,2025-04-19,8.25,21.27,14.76
PME246,2025-04-20,8.22,23.22,15.72
PME246,2025-04-21,7.19,26.3,16.74
PME246,2025-04-22,8.28,26.49,17.38
PME246,2025-04-23,8.34,21.58,14.96
PME246,2025-04-24,7.37,22.21,14.79
PME246,2025-04-25,4.46,12.64,8.55
PME246,2025-04-26,-0.34,11.82,5.74
PME246,2025-04-27,-1.56,15.15,6.8
PME246,2025-04-28,-1.34,19.7,9.18
PME246,2025-04-29,1.65,20.67,11.16
PME246,2025-04-30,4.56,20.61,12.58
PME246,2025-05-01,2.78,18.85,10.82
PME246,2025-05-02,1.28,21.71,11.5
PME246,2025-05-03,11.07,24.48,17.77
PME246,2025-05-04,5.0,19.04,12.02
PME246,2025-05-05,4.34,11.01,7.68
PME246,2025-05-06,1.15,15.15,8.15
PME246,2025-05-07,0.03,13.67,6.85
PME246,2025-05-08,-0.28,12.79,6.26
PME246,2025-05-09,-0.37,12.7,6.16
PME246,2025-05-10,3.53,9.44,6.48
PME246,2025-05-11,2.49,15.87,9.18
PME246,2025-05-12,1.28,15.11,8.2
PME246,2025-05-13,2.46,18.16,10.31
PME246,2025-05-14,2.93,16.28,9.6
PME246,2025-05-15,2.21,13.61,7.91
PME246,2025-05-16,1.24,10.91,6.08
PME246,2025-05-17,0.74,13.86,7.3
PME246,2025-05-18,2.21,13.42,7.82
PME246,2025-05-19,5.78,15.46,10.62
PME246,2025-05-20,7.62,20.3,13.96
PME246,2025-05-21,7.72,23.88,15.8
PME246,2025-05-22,8.69,23.12,15.9
PME246,2025-05-23,8.97,12.45,10.71
PME246,2025-05-24,4.68,14.14,9.41
PME246,2025-05-25,3.12,19.29,11.2
PME246,2025-05-26,4.65,23.25,13.95
PME246,2025-05-27,10.38,21.02,15.7
PME246,2025-05-28,8.19,21.33,14.76
PME246,2025-05-29,8.91,19.6,14.26
PME246,2025-05-30,6.56,21.55,14.06
PME246,2025-05-31,12.61,25.14,18.88
PME246,2025-06-01,10.63,28.6,19.62
PME246,2025-06-02,16.24,28.19,22.22
PME246,2025-06-03,11.79,22.81,17.3
PME246,2025-06-04,10.79,25.83,18.31
PME246,2025-06-05,15.46,28.47,21.96
PME246,2025-06-06,14.68,28.35,21.52
PME246,2025-06-07,15.02,28.38,21.7
PME246,2025-06-08,12.86,26.02,19.44
PME246,2025-06-09,8.16,18.66,13.41
PME246,2025-06-10,6.0,20.8,13.4
PME246,2025-06-11,10.79,21.05,15.92
PME246,2025-06-12,7.66,19.51,13.58
PME246,2025-06-13,7.12,19.26,13.19
PME246,2025-06-14,9.44,21.62,15.53
PME246,2025-06-15,8.25,25.64,16.94
PME246,2025-06-16,8.13,29.99,19.06
PME246,2025-06-17,12.45,23.91,18.18
PME246,2025-06-18,11.7,26.55,19.12
PME246,2025-06-19,8.72,20.42,14.57
PME246,2025-06-20,8.41,21.52,14.96
PME246,2025-06-21,6.59,23.91,15.25
PME246,2025-06-22,7.81,26.49,17.15
PME246,2025-06-23,6.9,28.6,17.75
PME246,2025-06-24,13.11,21.93,17.52
PME246,2025-06-25,12.45,24.1,18.27
PME246,2025-06-26,10.76,25.92,18.34
PME246,2025-06-27,14.33,25.01,19.67
PME246,2025-06-28,12.57,22.46,17.52
PME247,2025-04-01,7.78,12.64,10.21
PME247,2025-04-02,3.68,16.43,10.06
PME247,2025-04-03,0.03,18.03,9.03
PME247,2025-04-04,2.81,19.57,11.19
PME247,2025-04-05,-0.06,8.25,4.1
PME247,2025-04-06,-1.59,0.93,-0.33
PME247,2025-04-07,-1.99,6.06,2.03
PME247,2025-04-08,-3.59,6.5,1.46
PME247,2025-04-09,-4.68,9.47,2.4
PME247,2025-04-10,-1.9,5.21,1.66
PME247,2025-04-11,-0.12,6.12,3.0
PME247,2025-04-12,-0.28,12.48,6.1
PME247,2025-04-13,-0.75,20.11,9.68
PME247,2025-04-14,7.66,18.0,12.83
PME247,2025-04-15,4.15,16.75,10.45
PME247,2025-04-16,9.41,24.07,16.74
PME247,2025-04-17,11.2,27.28,19.24
PME247,2025-04-18,9.32,26.71,18.02
PME247,2025-04-19,9.1,21.46,15.28
PME247,2025-04-20,7.37,22.94,15.16
PME247,2025-04-21,5.56,25.14,15.35
PME247,2025-04-22,7.12,26.65,16.88
PME247,2025-04-23,7.97,22.81,15.39
PME247,2025-04-24,5.9,23.47,14.68
PME247,2025-04-25,5.68,13.36,9.52
PME247,2025-04-26,-1.0,12.26,5.63
PME247,2025-04-27,-2.28,14.55,6.14
PME247,2025-04-28,-1.99,18.19,8.1
PME247,2025-04-29,0.12,19.98,10.05
PME247,2025-04-30,3.87,19.48,11.68
PME247,2025-05-01,1.18,18.82,10.0
PME247,2025-05-02,-0.53,21.49,10.48
PME247,2025-05-03,12.35,24.29,18.32
PME247,2025-05-04,5.56,19.7,12.63
PME247,2025-05-05,4.53,12.76,8.64
PME247,2025-05-06,1.49,12.17,6.83
PME247,2025-05-07,-1.18,14.89,6.86
PME247,2025-05-08,-2.87,12.32,4.72
PME247,2025-05-09,0.68,10.6,5.64
PME247,2025-05-10,3.12,9.25,6.18
PME247,2025-05-11,3.09,13.83,8.46
PME247,2025-05-12,2.99,14.02,8.5
PME247,2025-05-13,2.15,16.62,9.38
PME247,2025-05-14,-0.62,15.18,7.28
PME247,2025-05-15,1.49,11.07,6.28
PME247,2025-05-16,2.12,12.23,7.18
PME247,2025-05-17,0.46,13.01,6.74
PME247,2025-05-18,2.99,12.64,7.82
PME247,2025-05-19,5.72,14.64,10.18
PME247,2025-05-20,6.44,19.73,13.08
PME247,2025-05-21,11.13,22.21,16.67
PME247,2025-05-22,9.13,22.9,16.02
PME247,2025-05-23,8.69,12.73,10.71
PME247,2025-05-24,3.49,13.33,8.41
PME247,2025-05-25,3.53,17.28,10.4
PME247,2025-05-26,4.18,20.42,12.3
PME247,2025-05-27,5.43,19.73,12.58
PME247,2025-05-28,11.01,16.09,13.55
PME247,2025-05-29,10.29,18.03,14.16
PME247,2025-05-30,7.91,20.08,14.0
PME247,2025-05-31,11.95,23.82,17.88
PME247,2025-06-01,10.41,27.34,18.88
PME247,2025-06-02,15.18,26.46,20.82
PME247,2025-06-03,12.29,20.99,16.64
PME247,2025-06-04,10.79,25.89,18.34
PME247,2025-06-05,14.83,27.75,21.29
PME247,2025-06-06,14.2,28.73,21.46
PME247,2025-06-07,14.14,28.47,21.3
PME247,2025-06-08,13.48,25.36,19.42
PME247,2025-06-09,9.06,17.75,13.4
PME247,2025-06-10,6.87,20.45,13.66
PME247,2025-06-11,12.39,19.13,15.76
PME247,2025-06-12,8.56,19.2,13.88
PME247,2025-06-13,7.84,18.69,13.26
PME247,2025-06-14,9.38,21.74,15.56
PME247,2025-06-15,8.22,24.41,16.32
PME247,2025-06-16,7.25,27.62,17.44
PME247,2025-06-17,12.2,22.68,17.44
PME247,2025-06-18,11.29,25.39,18.34
PME247,2025-06-19,10.35,20.2,15.27
PME247,2025-06-20,8.66,20.77,14.72
PME247,2025-06-21,7.28,22.24,14.76
PME247,2025-06-22,6.94,25.01,15.98
PME247,2025-06-23,5.12,27.5,16.31
PME247,2025-06-24,14.33,21.36,17.84
PME247,2025-06-25,12.42,23.53,17.98
PME247,2025-06-26,10.85,24.85,17.85
PME247,2025-06-27,12.98,23.82,18.4
PME247,2025-06-28,13.73,22.21,17.97
PME248,2025-04-01,6.65,12.29,9.47
PME248,2025-04-02,5.81,16.53,11.17
PME248,2025-04-03,3.37,17.63,10.5
PME248,2025-04-04,0.74,19.45,10.09
PME248,2025-04-05,-0.43,10.1,4.84
PME248,2025-04-06,-1.65,0.84,-0.4
PME248,2025-04-07,-2.53,6.53,2.0
PME248,2025-04-08,-3.74,6.62,1.44
PME248,2025-04-09,-4.62,9.13,2.26
PME248,2025-04-10,-2.09,4.4,1.16
PME248,2025-04-11,-0.21,6.44,3.12
PME248,2025-04-12,-0.12,14.05,6.97
PME248,2025-04-13,-0.93,20.11,9.59
PME248,2025-04-14,7.87,20.64,14.26
PME248,2025-04-15,4.4,16.31,10.36
PME248,2025-04-16,7.53,24.76,16.14
PME248,2025-04-17,6.22,27.34,16.78
PME248,2025-04-18,9.82,25.7,17.76
PME248,2025-04-19,7.78,20.83,14.3
PME248,2025-04-20,6.59,22.56,14.58
PME248,2025-04-21,5.34,25.01,15.18
PME248,2025-04-22,7.75,25.2,16.48
PME248,2025-04-23,7.94,21.3,14.62
PME248,2025-04-24,6.37,21.93,14.15
PME248,2025-04-25,5.18,12.64,8.91
PME248,2025-04-26,-0.03,11.29,5.63
PME248,2025-04-27,-1.84,14.55,6.36
PME248,2025-04-28,-1.53,18.79,8.63
PME248,2025-04-29,0.96,20.96,10.96
PME248,2025-04-30,3.78,19.86,11.82
PME248,2025-05-01,1.81,18.25,10.03
PME248,2025-05-02,0.65,22.5,11.58
PME248,2025-05-03,10.32,25.99,18.16
PME248,2025-05-04,7.91,18.28,13.1
PME248,2025-05-05,5.97,11.04,8.5
PME248,2025-05-06,0.62,14.05,7.34
PME248,2025-05-07,-0.71,13.48,6.38
PME248,2025-05-08,-1.59,12.01,5.21
PME248,2025-05-09,1.65,11.38,6.52
PME248,2025-05-10,2.96,9.75,6.36
PME248,2025-05-11,3.31,13.89,8.6
PME248,2025-05-12,1.68,14.64,8.16
PME248,2025-05-13,1.96,16.28,9.12
PME248,2025-05-14,1.87,16.28,9.08
PME248,2025-05-15,1.59,11.85,6.72
PME248,2025-05-16,0.06,10.94,5.5
PME248,2025-05-17,-0.53,13.64,6.56
PME248,2025-05-18,2.71,12.86,7.78
PME248,2025-05-19,5.5,14.89,10.2
PME248,2025-05-20,7.47,19.76,13.62
PME248,2025-05-21,7.72,23.38,15.55
PME248,2025-05-22,6.78,23.22,15.0
PME248,2025-05-23,9.0,11.63,10.32
PME248,2025-05-24,3.68,13.8,8.74
PME248,2025-05-25,2.74,16.93,9.84
PME248,2025-05-26,3.24,22.09,12.66
PME248,2025-05-27,12.54,20.7,16.62
PME248,2025-05-28,10.29,21.08,15.68
PME248,2025-05-29,10.54,17.72,14.13
PME248,2025-05-30,8.13,20.92,14.53
PME248,2025-05-31,11.41,24.57,17.99
PME248,2025-06-01,9.91,28.25,19.08
PME248,2025-06-02,15.74,27.91,21.82
PME248,2025-06-03,11.6,21.84,16.72
PME248,2025-06-04,9.5,26.46,17.98
PME248,2025-06-05,14.05,28.22,21.14
PME248,2025-06-06,14.14,28.44,21.29
PME248,2025-06-07,14.05,28.57,21.31
PME248,2025-06-08,12.61,25.92,19.26
PME248,2025-06-09,8.13,18.16,13.14
PME248,2025-06-10,7.15,21.3,14.23
PME248,2025-06-11,11.01,19.79,15.4
PME248,2025-06-12,9.16,20.08,14.62
PME248,2025-06-13,7.94,19.04,13.49
PME248,2025-06-14,7.06,21.49,14.27
PME248,2025-06-15,6.47,25.48,15.98
PME248,2025-06-16,7.19,29.2,18.2
PME248,2025-06-17,11.1,23.25,17.18
PME248,2025-06-18,13.86,26.37,20.12
PME248,2025-06-19,10.38,19.67,15.03
PME248,2025-06-20,9.22,20.99,15.1
PME248,2025-06-21,8.16,23.12,15.64
PME248,2025-06-22,7.53,26.21,16.87
PME248,2025-06-23,6.34,30.87,18.6
PME248,2025-06-24,12.35,21.99,17.17
PME248,2025-06-25,11.79,24.38,18.08
PME248,2025-06-26,12.01,26.74,19.38
PME248,2025-06-27,13.99,24.54,19.26
PME248,2025-06-28,13.55,22.68,18.12
PME249,2025-04-01,6.59,11.26,8.93
PME249,2025-04-02,5.75,15.49,10.62
PME249,2025-04-03,3.84,16.78,10.31
PME249,2025-04-04,5.56,19.16,12.36
PME249,2025-04-05,-0.4,11.2,5.4
PME249,2025-04-06,-2.34,-0.15,-1.24
PME249,2025-04-07,-2.31,4.56,1.12
PME249,2025-04-08,-1.34,5.09,1.88
PME249,2025-04-09,-2.96,8.44,2.74
PME249,2025-04-10,-2.15,3.56,0.7
PME249,2025-04-11,-0.65,5.93,2.64
PME249,2025-04-12,2.9,11.6,7.25
PME249,2025-04-13,0.62,19.89,10.26
PME249,2025-04-14,7.12,16.12,11.62
PME249,2025-04-15,5.31,13.83,9.57
PME249,2025-04-16,8.66,23.44,16.05
PME249,2025-04-17,8.75,26.77,17.76
PME249,2025-04-18,10.26,25.23,17.74
PME249,2025-04-19,10.57,21.18,15.88
PME249,2025-04-20,10.6,22.72,16.66
PME249,2025-04-21,9.13,24.16,16.64
PME249,2025-04-22,10.38,26.62,18.5
PME249,2025-04-23,10.22,21.18,15.7
PME249,2025-04-24,9.85,24.41,17.13
PME249,2025-04-25,7.66,15.02,11.34
PME249,2025-04-26,1.78,11.38,6.58
PME249,2025-04-27,0.03,13.67,6.85
PME249,2025-04-28,0.18,19.23,9.7
PME249,2025-04-29,5.65,20.36,13.0
PME249,2025-04-30,8.94,19.26,14.1
PME249,2025-05-01,4.9,18.19,11.55
PME249,2025-05-02,3.65,22.34,13.0
PME249,2025-05-03,11.45,25.01,18.23
PME249,2025-05-04,7.91,19.95,13.93
PME249,2025-05-05,5.53,11.95,8.74
PME249,2025-05-06,5.47,9.88,7.68
PME249,2025-05-07,1.84,14.46,8.15
PME249,2025-05-08,-0.5,11.6,5.55
PME249,2025-05-09,1.03,10.51,5.77
PME249,2025-05-10,2.71,10.26,6.48
PME249,2025-05-11,2.62,12.83,7.72
PME249,2025-05-12,4.34,13.58,8.96
PME249,2025-05-13,5.9,15.99,10.94
PME249,2025-05-14,4.87,13.26,9.06
PME249,2025-05-15,2.24,10.85,6.54
PME249,2025-05-16,1.15,12.86,7.0
PME249,2025-05-17,3.65,13.14,8.4
PME249,2025-05-18,4.87,12.48,8.68
PME249,2025-05-19,5.68,12.83,9.25
PME249,2025-05-20,5.59,17.12,11.36
PME249,2025-05-21,10.0,22.24,16.12
PME249,2025-05-22,9.69,21.77,15.73
PME249,2025-05-23,8.31,12.26,10.28
PME249,2025-05-24,7.28,12.17,9.72
PME249,2025-05-25,6.4,14.64,10.52
PME249,2025-05-26,7.87,19.48,13.68
PME249,2025-05-27,10.22,19.54,14.88
PME249,2025-05-28,10.82,15.15,12.98
PME249,2025-05-29,10.88,16.9,13.89
PME249,2025-05-30,9.19,19.98,14.58
PME249,2025-05-31,13.51,21.27,17.39
PME249,2025-06-01,13.95,25.33,19.64
PME249,2025-06-02,16.18,27.06,21.62
PME249,2025-06-03,14.2,19.35,16.77
PME249,2025-06-04,13.67,25.48,19.58
PME249,2025-06-05,14.55,28.92,21.74
PME249,2025-06-06,14.3,28.98,21.64
PME249,2025-06-07,15.84,29.1,22.47
PME249,2025-06-08,13.11,24.07,18.59
PME249,2025-06-09,8.47,17.47,12.97
PME249,2025-06-10,7.12,20.3,13.71
PME249,2025-06-11,11.82,19.29,15.56
PME249,2025-06-12,10.0,19.79,14.9
PME249,2025-06-13,8.13,17.09,12.61
PME249,2025-06-14,12.23,20.86,16.55
PME249,2025-06-15,11.1,24.16,17.63
PME249,2025-06-16,10.19,27.44,18.82
PME249,2025-06-17,13.77,23.28,18.52
PME249,2025-06-18,13.8,26.62,20.21
PME249,2025-06-19,11.16,20.96,16.06
PME249,2025-06-20,9.35,20.39,14.87
PME249,2025-06-21,9.82,21.77,15.8
PME249,2025-06-22,12.29,26.21,19.25
PME249,2025-06-23,9.5,28.82,19.16
PME249,2025-06-24,13.86,21.99,17.92
PME249,2025-06-25,14.11,25.77,19.94
PME249,2025-06-26,12.98,24.79,18.88
PME249,2025-06-27,14.14,25.33,19.74
PME249,2025-06-28,13.51,22.12,17.82
PME250,2025-04-01,6.56,12.32,9.44
PME250,2025-04-02,4.84,16.84,10.84
PME250,2025-04-03,2.06,18.06,10.06
PME250,2025-04-04,2.12,19.57,10.84
PME250,2025-04-05,-0.56,9.88,4.66
PME250,2025-04-06,-2.12,0.24,-0.94
PME250,2025-04-07,-2.71,4.62,0.96
PME250,2025-04-08,-1.74,6.44,2.35
PME250,2025-04-09,-2.4,8.78,3.19
PME250,2025-04-10,-1.46,4.15,1.35
PME250,2025-04-11,-0.09,6.69,3.3
PME250,2025-04-12,4.15,13.8,8.98
PME250,2025-04-13,2.18,21.05,11.62
PME250,2025-04-14,9.41,19.38,14.4
PME250,2025-04-15,7.53,14.05,10.79
PME250,2025-04-16,10.07,24.19,17.13
PME250,2025-04-17,11.29,28.19,19.74
PME250,2025-04-18,12.42,26.18,19.3
PME250,2025-04-19,10.22,21.93,16.08
PME250,2025-04-20,8.47,23.28,15.88
PME250,2025-04-21,10.04,24.95,17.49
PME250,2025-04-22,8.85,24.67,16.76
PME250,2025-04-23,9.82,23.31,16.56
PME250,2025-04-24,9.97,25.48,17.73
PME250,2025-04-25,8.06,15.74,11.9
PME250,2025-04-26,1.21,12.51,6.86
PME250,2025-04-27,-0.81,15.71,7.45
PME250,2025-04-28,-0.43,19.54,9.56
PME250,2025-04-29,3.18,20.55,11.86
PME250,2025-04-30,9.03,21.02,15.02
PME250,2025-05-01,4.5,19.16,11.83
PME250,2025-05-02,2.65,23.12,12.88
PME250,2025-05-03,12.29,26.77,19.53
PME250,2025-05-04,7.25,19.16,13.2
PME250,2025-05-05,4.53,13.48,9.01
PME250,2025-05-06,5.65,11.41,8.53
PME250,2025-05-07,1.65,15.4,8.52
PME250,2025-05-08,-1.0,14.24,6.62
PME250,2025-05-09,1.18,11.16,6.17
PME250,2025-05-10,1.93,11.41,6.67
PME250,2025-05-11,1.74,14.08,7.91
PME250,2025-05-12,3.53,15.46,9.5
PME250,2025-05-13,3.53,16.28,9.91
PME250,2025-05-14,5.47,17.22,11.34
PME250,2025-05-15,2.62,11.04,6.83
PME250,2025-05-16,1.4,13.7,7.55
PME250,2025-05-17,4.28,13.08,8.68
PME250,2025-05-18,5.18,12.83,9.0
PME250,2025-05-19,5.84,12.76,9.3
PME250,2025-05-20,5.25,17.47,11.36
PME250,2025-05-21,11.67,23.06,17.36
PME250,2025-05-22,9.6,23.31,16.45
PME250,2025-05-23,8.78,13.42,11.1
PME250,2025-05-24,7.44,13.51,10.48
PME250,2025-05-25,6.31,18.63,12.47
PME250,2025-05-26,4.87,22.37,13.62
PME250,2025-05-27,10.41,20.58,15.5
PME250,2025-05-28,9.16,21.02,15.09
PME250,2025-05-29,10.51,14.52,12.52
PME250,2025-05-30,7.97,21.14,14.56
PME250,2025-05-31,12.73,24.16,18.44
PME250,2025-06-01,12.26,28.22,20.24
PME250,2025-06-02,16.02,27.47,21.74
PME250,2025-06-03,12.89,20.55,16.72
PME250,2025-06-04,11.38,28.25,19.82
PME250,2025-06-05,16.56,29.45,23.0
PME250,2025-06-06,15.05,29.39,22.22
PME250,2025-06-07,14.89,29.99,22.44
PME250,2025-06-08,13.45,26.27,19.86
PME250,2025-06-09,7.81,17.59,12.7
PME250,2025-06-10,7.34,21.65,14.5
PME250,2025-06-11,11.1,19.57,15.34
PME250,2025-06-12,9.38,20.36,14.87
PME250,2025-06-13,7.59,16.75,12.17
PME250,2025-06-14,9.22,21.68,15.45
PME250,2025-06-15,8.47,25.36,16.92
PME250,2025-06-16,9.75,28.88,19.31
PME250,2025-06-17,12.54,23.97,18.26
PME250,2025-06-18,12.67,26.96,19.82
PME250,2025-06-19,10.13,20.86,15.5
PME250,2025-06-20,8.56,20.55,14.56
PME250,2025-06-21,8.03,22.97,15.5
PME250,2025-06-22,10.98,27.09,19.04
PME250,2025-06-23,8.72,30.68,19.7
PME250,2025-06-24,13.95,23.5,18.73
PME250,2025-06-25,13.89,26.49,20.19
PME250,2025-06-26,13.51,28.73,21.12
PME250,2025-06-27,15.71,25.64,20.68
PME250,2025-06-28,14.02,22.84,18.43
PME251,2025-04-01,6.25,13.39,9.82
PME251,2025-04-02,4.06,17.03,10.54
PME251,2025-04-03,2.43,18.32,10.38
PME251,2025-04-04,3.4,20.64,12.02
PME251,2025-04-05,-0.84,9.5,4.33
PME251,2025-04-06,-1.87,1.49,-0.19
PME251,2025-04-07,-2.96,7.37,2.2
PME251,2025-04-08,-1.93,8.34,3.2
PME251,2025-04-09,-2.96,10.1,3.57
PME251,2025-04-10,-2.18,4.46,1.14
PME251,2025-04-11,-0.25,6.5,3.12
PME251,2025-04-12,1.4,15.3,8.35
PME251,2025-04-13,0.78,21.3,11.04
PME251,2025-04-14,7.72,22.21,14.96
PME251,2025-04-15,6.31,16.43,11.37
PME251,2025-04-16,10.07,25.23,17.65
PME251,2025-04-17,9.69,28.07,18.88
PME251,2025-04-18,12.35,28.25,20.3
PME251,2025-04-19,9.85,21.08,15.46
PME251,2025-04-20,7.25,23.78,15.52
PME251,2025-04-21,8.16,25.55,16.86
PME251,2025-04-22,10.6,25.14,17.87
PME251,2025-04-23,9.82,22.81,16.31
PME251,2025-04-24,8.34,22.4,15.37
PME251,2025-04-25,4.34,12.89,8.62
PME251,2025-04-26,1.09,12.95,7.02
PME251,2025-04-27,-0.78,15.21,7.22
PME251,2025-04-28,-0.53,20.11,9.79
PME251,2025-04-29,1.9,21.36,11.63
PME251,2025-04-30,4.71,21.62,13.16
PME251,2025-05-01,4.09,20.61,12.35
PME251,2025-05-02,4.28,24.04,14.16
PME251,2025-05-03,10.6,25.67,18.14
PME251,2025-05-04,6.09,18.88,12.48
PME251,2025-05-05,4.5,12.98,8.74
PME251,2025-05-06,1.18,15.84,8.51
PME251,2025-05-07,-0.43,15.24,7.4
PME251,2025-05-08,0.03,13.39,6.71
PME251,2025-05-09,-1.12,12.83,5.86
PME251,2025-05-10,4.15,10.63,7.39
PME251,2025-05-11,3.18,14.68,8.93
PME251,2025-05-12,2.68,16.81,9.74
PME251,2025-05-13,2.12,17.81,9.96
PME251,2025-05-14,4.5,18.35,11.42
PME251,2025-05-15,2.06,12.92,7.49
PME251,2025-05-16,1.09,10.79,5.94
PME251,2025-05-17,0.06,14.05,7.06
PME251,2025-05-18,2.99,12.45,7.72
PME251,2025-05-19,6.15,16.43,11.29
PME251,2025-05-20,6.62,20.99,13.8
PME251,2025-05-21,9.35,24.54,16.94
PME251,2025-05-22,8.5,24.19,16.34
PME251,2025-05-23,8.6,14.61,11.6
PME251,2025-05-24,4.21,17.19,10.7
PME251,2025-05-25,3.46,19.79,11.62
PME251,2025-05-26,3.9,24.19,14.04
PME251,2025-05-27,9.0,22.53,15.76
PME251,2025-05-28,7.53,23.44,15.49
PME251,2025-05-29,8.56,15.08,11.82
PME251,2025-05-30,7.06,22.28,14.67
PME251,2025-05-31,13.08,26.84,19.96
PME251,2025-06-01,11.6,28.29,19.94
PME251,2025-06-02,16.62,28.63,22.62
PME251,2025-06-03,12.04,23.06,17.55
PME251,2025-06-04,11.1,26.55,18.82
PME251,2025-06-05,15.24,29.7,22.47
PME251,2025-06-06,15.74,29.26,22.5
PME251,2025-06-07,14.3,28.6,21.45
PME251,2025-06-08,12.48,26.49,19.48
PME251,2025-06-09,7.81,18.88,13.34
PME251,2025-06-10,6.47,22.09,14.28
PME251,2025-06-11,10.35,20.33,15.34
PME251,2025-06-12,8.44,21.52,14.98
PME251,2025-06-13,7.78,20.52,14.15
PME251,2025-06-14,9.1,23.53,16.32
PME251,2025-06-15,7.62,27.47,17.54
PME251,2025-06-16,10.32,30.4,20.36
PME251,2025-06-17,13.42,24.32,18.87
PME251,2025-06-18,12.39,27.78,20.08
PME251,2025-06-19,9.91,20.86,15.38
PME251,2025-06-20,8.47,21.36,14.92
PME251,2025-06-21,7.47,25.07,16.27
PME251,2025-06-22,10.69,26.68,18.68
PME251,2025-06-23,7.69,30.71,19.2
PME251,2025-06-24,13.2,21.93,17.56
PME251,2025-06-25,12.54,23.66,18.1
PME251,2025-06-26,11.1,27.97,19.54
PME251,2025-06-27,14.52,24.0,19.26
PME251,2025-06-28,12.83,24.0,18.42
PME252,2025-04-01,7.53,12.04,9.78
PME252,2025-04-02,4.65,16.12,10.39
PME252,2025-04-03,2.37,17.88,10.12
PME252,2025-04-04,6.44,19.2,12.82
PME252,2025-04-05,0.06,9.13,4.6
PME252,2025-04-06,-2.09,1.43,-0.33
PME252,2025-04-07,-2.34,5.59,1.62
PME252,2025-04-08,-2.15,6.12,1.98
PME252,2025-04-09,-3.12,8.97,2.92
PME252,2025-04-10,-2.68,4.34,0.83
PME252,2025-04-11,-0.43,5.9,2.74
PME252,2025-04-12,0.78,11.85,6.32
PME252,2025-04-13,-0.68,19.76,9.54
PME252,2025-04-14,5.93,15.3,10.62
PME252,2025-04-15,5.68,15.49,10.58
PME252,2025-04-16,8.88,23.56,16.22
PME252,2025-04-17,8.85,27.12,17.98
PME252,2025-04-18,9.0,25.58,17.29
PME252,2025-04-19,10.94,19.67,15.3
PME252,2025-04-20,8.97,23.22,16.1
PME252,2025-04-21,9.13,26.4,17.76
PME252,2025-04-22,10.32,27.88,19.1
PME252,2025-04-23,11.13,22.09,16.61
PME252,2025-04-24,9.82,25.36,17.59
PME252,2025-04-25,6.81,13.48,10.14
PME252,2025-04-26,0.56,12.14,6.35
PME252,2025-04-27,-0.56,14.39,6.92
PME252,2025-04-28,1.09,18.5,9.8
PME252,2025-04-29,2.03,20.04,11.04
PME252,2025-04-30,7.22,19.79,13.5
PME252,2025-05-01,6.18,18.98,12.58
PME252,2025-05-02,3.9,21.58,12.74
PME252,2025-05-03,11.29,25.07,18.18
PME252,2025-05-04,7.28,20.04,13.66
PME252,2025-05-05,3.46,12.76,8.11
PME252,2025-05-06,4.68,10.98,7.83
PME252,2025-05-07,1.81,15.33,8.57
PME252,2025-05-08,-0.18,12.92,6.37
PME252,2025-05-09,0.21,10.32,5.26
PME252,2025-05-10,4.06,8.88,6.47
PME252,2025-05-11,3.24,14.3,8.77
PME252,2025-05-12,3.24,14.61,8.93
PME252,2025-05-13,3.06,16.68,9.87
PME252,2025-05-14,1.49,15.33,8.41
PME252,2025-05-15,1.31,11.51,6.41
PME252,2025-05-16,0.56,12.95,6.76
PME252,2025-05-17,4.28,14.39,9.34
PME252,2025-05-18,3.53,13.2,8.36
PME252,2025-05-19,5.65,14.68,10.16
PME252,2025-05-20,6.28,19.48,12.88
PME252,2025-05-21,9.0,22.84,15.92
PME252,2025-05-22,8.38,22.53,15.46
PME252,2025-05-23,8.78,12.23,10.5
PME252,2025-05-24,5.18,12.76,8.97
PME252,2025-05-25,6.09,16.09,11.09
PME252,2025-05-26,7.84,20.17,14.0
PME252,2025-05-27,7.97,20.04,14.0
PME252,2025-05-28,11.1,14.71,12.9
PME252,2025-05-29,10.47,18.41,14.44
PME252,2025-05-30,8.25,20.99,14.62
PME252,2025-05-31,13.04,23.28,18.16
PME252,2025-06-01,11.23,27.69,19.46
PME252,2025-06-02,14.02,27.22,20.62
PME252,2025-06-03,13.3,20.36,16.83
PME252,2025-06-04,12.29,24.51,18.4
PME252,2025-06-05,14.14,28.54,21.34
PME252,2025-06-06,14.49,29.1,21.8
PME252,2025-06-07,15.15,28.92,22.04
PME252,2025-06-08,13.26,25.26,19.26
PME252,2025-06-09,8.28,17.91,13.1
PME252,2025-06-10,7.78,20.48,14.13
PME252,2025-06-11,11.76,19.51,15.64
PME252,2025-06-12,8.91,19.45,14.18
PME252,2025-06-13,7.97,18.63,13.3
PME252,2025-06-14,10.79,21.02,15.9
PME252,2025-06-15,10.13,23.88,17.0
PME252,2025-06-16,9.69,27.72,18.7
PME252,2025-06-17,12.32,23.5,17.91
PME252,2025-06-18,10.69,25.99,18.34
PME252,2025-06-19,10.66,20.74,15.7
PME252,2025-06-20,9.0,21.21,15.1
PME252,2025-06-21,8.91,22.87,15.89
PME252,2025-06-22,9.91,25.52,17.72
PME252,2025-06-23,8.6,27.09,17.84
PME252,2025-06-24,14.2,22.53,18.37
PME252,2025-06-25,13.55,24.7,19.12
PME252,2025-06-26,11.95,24.57,18.26
PME252,2025-06-27,12.54,24.73,18.63
PME252,2025-06-28,13.73,21.87,17.8
